BroadCat,SubCat,Occupation title (click on the occupation title to view its profile),Level,Employment,"Employment per 1,000 jobs",Mean hourly wage,Annual mean wage
41,2031,Retail Salespersons,detail,4448120,30.7,13.61,28310
35,3020,Fast Food and Counter Workers,broad,4150030,28.7,10.7,22260
53,7060,"Laborers and Material Movers, Hand",broad,4002390,27.7,14.32,29790
35,3021,"Combined Food Preparation and Serving Workers, Including Fast Food",detail,3676180,25.4,10.64,22140
41,2010,Cashiers,broad,3657570,25.3,11.19,23270
41,2011,Cashiers,detail,3635550,25.1,11.17,23240
43,6010,Secretaries and Administrative Assistants,broad,3498120,24.2,20.34,42320
53,3030,Driver/Sales Workers and Truck Drivers,broad,3130500,21.6,19.68,40920
37,2010,Building Cleaning Workers,broad,3094210,21.4,13.44,27960
43,9061,"Office Clerks, General",detail,2972930,20.5,16.92,35200
29,1141,Registered Nurses,detail,2951960,20.4,36.3,75510
53,7062,"Laborers and Freight, Stock, and Material Movers, Hand",detail,2893180,20.0,14.85,30890
43,4051,Customer Service Representatives,detail,2871400,19.8,17.53,36470
35,3031,Waiters and Waitresses,detail,2582410,17.8,12.42,25830
35,2010,Cooks,broad,2403510,16.6,12.77,26560
31,1010,"Nursing, Psychiatric, and Home Health Aides",broad,2355640,16.3,13.55,28180
11,1021,General and Operations Managers,detail,2289770,15.8,59.56,123880
39,9021,Personal Care Aides,detail,2211950,15.3,12.06,25090
43,6014,"Secretaries and Administrative Assistants, Except Legal, Medical, and Executive",detail,2165310,15.0,18.28,38030
37,2011,"Janitors and Cleaners, Except Maids and Housekeeping Cleaners",detail,2156270,14.9,13.92,28950
43,5081,Stock Clerks and Order Fillers,detail,2056030,14.2,13.71,28520
25,2020,Elementary and Middle School Teachers,broad,2032880,14.0,3.10,62150
53,3032,Heavy and Tractor-Trailer Truck Drivers,detail,1800330,12.4,21.91,45570
15,1130,Software Developers and Programmers,broad,1666270,11.5,50.23,104480
41,4010,"Sales Representatives, Wholesale and Manufacturing",broad,1663160,11.5,35.43,73680
43,3031,"Bookkeeping, Accounting, and Auditing Clerks",detail,1530430,10.6,20.25,42110
43,1011,First-Line Supervisors of Office and Administrative Support Workers,detail,1477560,10.2,28.53,59340
31,9090,Miscellaneous Healthcare Support Occupations,broad,1464780,10.1,17.23,35830
31,1014,Nursing Assistants,detail,1450960,10.0,14.22,29580
41,1010,First-Line Supervisors of Sales Workers,broad,1429100,9.9,24.97,51930
25,2021,"Elementary School Teachers, Except Special Education",detail,1410970,9.7,3.10,62200
49,9071,"Maintenance and Repair Workers, General",detail,1384240,9.6,19.72,41020
51,2090,Miscellaneous Assemblers and Fabricators,broad,1376130,9.5,16.49,34300
51,2098,"Assemblers and Fabricators, All Other, Including Team Assemblers",detail,1354150,9.4,16.48,34270
41,4012,"Sales Representatives, Wholesale and Manufacturing, Except Technical and Scientific Products",detail,1350180,9.3,33.4,69480
35,2014,"Cooks, Restaurant",detail,1340810,9.3,13.26,27580
25,9041,Teacher Assistants,detail,1331560,9.2,1.43,28750
13,2011,Accountants and Auditors,detail,1259930,8.7,37.89,78820
41,1011,First-Line Supervisors of Retail Sales Workers,detail,1181530,8.2,21.67,45080
25,2030,Secondary School Teachers,broad,1129040,7.8,3.20,64230
33,9030,Security Guards and Gaming Surveillance Officers,broad,1124610,7.8,15.43,32090
33,9032,Security Guards,detail,1114380,7.7,15.41,32050
35,1010,Supervisors of Food Preparation and Serving Workers,broad,1093000,7.6,18.3,38070
13,1199,"Business Operations Specialists, All Other",detail,1060580,7.3,37,76960
25,2031,"Secondary School Teachers, Except Special and Career/Technical Education",detail,1051570,7.3,3.20,64340
43,4171,Receptionists and Information Clerks,detail,1043630,7.2,14.59,30350
41,3099,"Sales Representatives, Services, All Other",detail,1033820,7.1,31.18,64860
47,2061,Construction Laborers,detail,1001470,6.9,19.4,40350
37,3010,Grounds Maintenance Workers,broad,994880,6.9,15.19,31600
35,1012,First-Line Supervisors of Food Preparation and Serving Workers,detail,964400,6.7,17.4,36190
37,2012,Maids and Housekeeping Cleaners,detail,924290,6.4,12.3,25570
53,3033,Light Truck or Delivery Services Drivers,detail,915310,6.3,17.75,36920
37,3011,Landscaping and Groundskeeping Workers,detail,913480,6.3,14.88,30940
15,1132,"Software Developers, Applications",detail,903160,6.2,51.96,108080
25,3090,Miscellaneous Teachers and Instructors,broad,902740,6.2,18.19,37840
35,2021,Food Preparation Workers,detail,814600,5.6,11.94,24830
15,1150,Computer Support Specialists,broad,812060,5.6,27.86,57950
49,3020,Automotive Technicians and Repairers,broad,809740,5.6,21.17,44030
29,2050,Health Practitioner Support Technologists and Technicians,broad,801590,5.5,17.76,36930
31,1011,Home Health Aides,detail,797670,5.5,12.18,25330
51,9190,Miscellaneous Production Workers,broad,796900,5.5,16.02,33320
21,1010,Counselors,broad,735100,5.1,24.96,51920
47,2031,Carpenters,detail,718730,5.0,24.58,51120
29,2061,Licensed Practical and Licensed Vocational Nurses,detail,701690,4.8,22.62,47050
15,1120,Computer and Information Analysts,broad,696030,4.8,45.67,94990
21,1090,Miscellaneous Community and Social Service Specialists,broad,693040,4.8,20.59,42820
29,1120,Therapists,broad,687790,4.8,38.24,79530
13,1111,Management Analysts,detail,684470,4.7,45.38,94390
41,2020,Counter and Rental Clerks and Parts Salespersons,broad,681580,4.7,15.52,32280
29,1060,Physicians and Surgeons,broad,679280,4.7,101.43,210980
53,3020,Bus Drivers,broad,678260,4.7,17.44,36280
31,9092,Medical Assistants,detail,673660,4.7,16.61,34540
13,1070,Human Resources Workers,broad,671140,4.6,32.32,67240
33,3050,Police Officers,broad,665800,4.6,31.47,65460
53,7064,"Packers and Packagers, Hand",detail,663970,4.6,12.74,26490
21,1020,Social Workers,broad,662550,4.6,25.51,53060
39,9030,Recreation and Fitness Workers,broad,662040,4.6,17.25,35890
33,3051,Police and Sheriff's Patrol Officers,detail,661330,4.6,31.44,65400
23,1010,Lawyers and Judicial Law Clerks,broad,659090,4.6,68.33,142130
47,2111,Electricians,detail,655840,4.5,28.46,59190
43,5071,"Shipping, Receiving, and Traffic Clerks",detail,655590,4.5,16.82,34980
49,3023,Automotive Service Technicians and Mechanics,detail,648050,4.5,21.02,43730
23,1011,Lawyers,detail,642750,4.4,69.34,144230
13,1161,Market Research Analysts and Marketing Specialists,detail,638200,4.4,34.11,70960
35,3011,Bartenders,detail,631480,4.4,12.88,26780
15,1151,Computer User Support Specialists,detail,630700,4.4,26.46,55050
15,1140,Database and Systems Administrators and Network Architects,broad,629020,4.3,45.09,93780
51,1011,First-Line Supervisors of Production and Operating Workers,detail,622790,4.3,30.93,64340
44136,,Marketing and Sales Managers,broad,619500,4.3,68.75,143000
25,2022,"Middle School Teachers, Except Special and Career/Technical Education",detail,609970,4.2,3.09,62030
413395,,Financial Managers,detail,608120,4.2,70.59,146830
53,7051,Industrial Truck and Tractor Operators,detail,604130,4.2,17.54,36480
13,2050,Financial Analysts and Advisors,broad,602500,4.2,50.03,104050
47,1011,First-Line Supervisors of Construction Trades and Extraction Workers,detail,598210,4.1,33.91,70540
13,1071,Human Resources Specialists,detail,593790,4.1,32.11,66790
15,1121,Computer Systems Analysts,detail,587970,4.1,45.01,93610
25,3098,Substitute Teachers,detail,587240,4.1,15.56,32360
43,6013,Medical Secretaries,detail,585410,4.0,17.83,37090
43,6011,Executive Secretaries and Executive Administrative Assistants,detail,570530,3.9,29.59,61550
39,9011,Childcare Workers,detail,564630,3.9,11.83,24610
51,9061,"Inspectors, Testers, Sorters, Samplers, and Weighers",detail,557510,3.9,20.2,42010
25,2010,Preschool and Kindergarten Teachers,broad,555680,3.8,19.26,40070
43,5050,Postal Service Workers,broad,525070,3.6,24.78,51540
27,1020,Designers,broad,519180,3.6,24.05,50020
35,9021,Dishwashers,detail,504770,3.5,11.15,23190
53,3022,"Bus Drivers, School or Special Client",detail,504150,3.5,16.05,33390
2604485,,Education Administrators,broad,498200,3.4,46.65,97030
49,9040,"Industrial Machinery Installation, Repair, and Maintenance Workers",broad,487640,3.4,25.64,53330
35,2011,"Cooks, Fast Food",detail,487510,3.4,10.89,22650
47,2150,"Pipelayers, Plumbers, Pipefitters, and Steamfitters",broad,476140,3.3,27.39,56980
25,2050,Special Education Teachers,broad,475700,3.3,3.18,63890
35,3022,"Counter Attendants, Cafeteria, Food Concession, and Coffee Shop",detail,473860,3.3,11.17,23240
49,1011,"First-Line Supervisors of Mechanics, Installers, and Repairers",detail,471820,3.3,33.33,69320
43,3021,Billing and Posting Clerks,detail,469250,3.2,19,39520
43,3071,Tellers,detail,468470,3.2,14.49,30140
2666211,,"Managers, All Other",detail,462840,3.2,55.57,115590
35,9011,Dining Room and Cafeteria Attendants and Bartender Helpers,detail,455700,3.1,11.52,23950
25,1190,Miscellaneous Postsecondary Teachers,broad,444210,3.1,3.00,60200
47,2152,"Plumbers, Pipefitters, and Steamfitters",detail,438070,3.0,27.96,58150
33,3010,"Bailiffs, Correctional Officers, and Jailers",broad,433900,3.0,23.71,49320
47,2070,Construction Equipment Operators,broad,433690,3.0,25.09,52190
17,3020,"Engineering Technicians, Except Drafters",broad,430400,3.0,29.51,61380
41,2021,Counter and Rental Clerks,detail,426700,2.9,15,31200
25,2011,"Preschool Teachers, Except Special Education",detail,424520,2.9,16.54,34410
51,4120,"Welding, Soldering, and Brazing Workers",broad,424270,2.9,21.12,43930
29,2052,Pharmacy Technicians,detail,417860,2.9,16.35,34020
35,9031,"Hosts and Hostesses, Restaurant, Lounge, and Coffee Shop",detail,416950,2.9,11.18,23260
41,3031,"Securities, Commodities, and Financial Services Sales Agents",detail,415890,2.9,47.49,98770
33,3012,Correctional Officers and Jailers,detail,415000,2.9,23.7,49300
53,3031,Driver/Sales Workers,detail,414860,2.9,14.24,29610
33,9090,Miscellaneous Protective Service Workers,broad,411300,2.8,15.06,31330
53,1048,"First-Line Supervisors of Transportation and Material Moving Workers, Except Aircraft Cargo Handling Supervisors",detail,411060,2.8,27.95,58140
13,1020,Buyers and Purchasing Agents,broad,407410,2.8,32.47,67530
15,1133,"Software Developers, Systems Software",detail,405330,2.8,54.81,114000
35,2012,"Cooks, Institution and Cafeteria",detail,400320,2.8,13.6,28290
39,5010,"Barbers, Hairdressers, Hairstylists and Cosmetologists",broad,397350,2.7,14.59,30340
51,9111,Packaging and Filling Machine Operators and Tenders,detail,395330,2.7,15.74,32740
41,3021,Insurance Sales Agents,detail,393830,2.7,32.64,67890
21,1093,Social and Human Service Assistants,detail,392300,2.7,17.22,35830
409743,,Computer and Information Systems Managers,detail,391430,2.7,73.49,152860
29,2030,Diagnostic Related Technologists and Technicians,broad,390630,2.7,31.38,65260
51,4121,"Welders, Cutters, Solderers, and Brazers",detail,389190,2.7,21.33,44360
29,1069,"Physicians and Surgeons, All Other",detail,389180,2.7,98.02,203880
51,4041,Machinists,detail,384350,2.7,21.75,45250
47,2073,Operating Engineers and Other Construction Equipment Operators,detail,383480,2.7,25.5,53030
15,1199,"Computer Occupations, All Other",detail,381380,2.6,44.88,93350
44866,,Sales Managers,detail,379050,2.6,67.46,140320
53,7061,Cleaners of Vehicles and Equipment,detail,378850,2.6,12.93,26900
39,5012,"Hairdressers, Hairstylists, and Cosmetologists",detail,377210,2.6,14.51,30190
2634069,,Medical and Health Services Managers,detail,372670,2.6,54.68,113730
15,1142,Network and Computer Systems Administrators,detail,366250,2.5,41.86,87070
51,3020,"Butchers and Other Meat, Poultry, and Fish Processing Workers",broad,365660,2.5,14.38,29910
49,9041,Industrial Machinery Mechanics,detail,362440,2.5,25.96,54000
45,2090,Miscellaneous Agricultural Workers,broad,357850,2.5,13.12,27290
39,9032,Recreation Workers,detail,353570,2.4,13.61,28310
51,9198,Helpers--Production Workers,detail,350410,2.4,14.12,29380
43,5061,"Production, Planning, and Expediting Clerks",detail,350150,2.4,24.05,50020
39,3090,Miscellaneous Entertainment Attendants and Related Workers,broad,349440,2.4,11.61,24140
49,9090,"Miscellaneous Installation, Maintenance, and Repair Workers",broad,347350,2.4,19.25,40040
43,5052,Postal Service Mail Carriers,detail,342410,2.4,24.89,51780
31,9091,Dental Assistants,detail,341060,2.4,19.12,39770
13,2070,Credit Counselors and Loan Officers,broad,340690,2.4,35.33,73490
49,9021,"Heating, Air Conditioning, and Refrigeration Mechanics and Installers",detail,324310,2.2,24.12,50160
33,2011,Firefighters,detail,321570,2.2,25.6,53240
29,2010,Clinical Laboratory Technologists and Technicians,broad,321220,2.2,25.91,53880
17,2070,Electrical and Electronics Engineers,broad,320610,2.2,50.12,104250
21,1021,"Child, Family, and School Social Workers",detail,320170,2.2,23.92,49760
39,3091,Amusement and Recreation Attendants,detail,319890,2.2,11.28,23460
51,4030,"Machine Tool Cutting Setters, Operators, and Tenders, Metal and Plastic",broad,318860,2.2,18,37450
25,3097,"Teachers and Instructors, All Other, Except Substitute Teachers",detail,315510,2.2,2.39,48040
41,4011,"Sales Representatives, Wholesale and Manufacturing, Technical and Scientific Products",detail,312980,2.2,44.15,91830
23,2011,Paralegals and Legal Assistants,detail,309940,2.1,26.2,54500
29,1051,Pharmacists,detail,309550,2.1,59.45,123670
39,9031,Fitness Trainers and Aerobics Instructors,detail,308470,2.1,21.43,44580
13,2051,Financial Analysts,detail,306200,2.1,48.55,100990
17,2051,Civil Engineers,detail,306030,2.1,45.06,93720
17,2110,"Industrial Engineers, Including Health and Safety",broad,305780,2.1,44.14,91800
13,2072,Loan Officers,detail,304950,2.1,36.67,76270
17,2141,Mechanical Engineers,detail,303440,2.1,44.62,92800
13,1030,"Claims Adjusters, Appraisers, Examiners, and Investigators",broad,302930,2.1,32.42,67440
13,1041,Compliance Officers,detail,300900,2.1,34.86,72520
43,5030,Dispatchers,broad,294900,2.0,20.7,43050
13,1151,Training and Development Specialists,detail,291380,2.0,31.31,65120
13,1031,"Claims Adjusters, Examiners, and Investigators",detail,287730,2.0,32.47,67540
51,2020,"Electrical, Electronics, and Electromechanical Assemblers",broad,287630,2.0,17.26,35910
45,2092,"Farmworkers and Laborers, Crop, Nursery, and Greenhouse",detail,287420,2.0,12.72,26450
21,1012,"Educational, Guidance, School, and Vocational Counselors",detail,285460,2.0,28.93,60160
406090,,Administrative Services Managers,detail,283570,2.0,50.99,106050
17,2112,Industrial Engineers,detail,279550,1.9,44.05,91630
2601198,,Construction Managers,detail,278460,1.9,49.57,103110
51,2028,"Electrical, Electronic, and Electromechanical Assemblers, Except Coil Winders, Tapers, and Finishers",detail,275450,1.9,17.25,35880
43,9041,Insurance Claims and Policy Processing Clerks,detail,274560,1.9,20.26,42150
21,1018,"Substance Abuse, Behavioral Disorder, and Mental Health Counselors",detail,267730,1.9,23.04,47920
27,2020,"Athletes, Coaches, Umpires, and Related Workers",broad,266860,1.8,2.25,45080
35,3041,"Food Servers, Nonrestaurant",detail,266190,1.8,12.01,24980
49,3031,Bus and Truck Mechanics and Diesel Engine Specialists,detail,264860,1.8,23.63,49150
2605216,,"Education Administrators, Elementary and Secondary School",detail,263120,1.8,4.92,98750
25,1120,"Arts, Communications, and Humanities Teachers, Postsecondary",broad,260960,1.8,4.02,80670
43,4081,"Hotel, Motel, and Resort Desk Clerks",detail,260780,1.8,12.08,25130
29,2041,Emergency Medical Technicians and Paramedics,detail,257210,1.8,18.15,37760
51,3090,Miscellaneous Food Processing Workers,broad,256100,1.8,15.07,31340
37,1010,First-Line Supervisors of Building and Grounds Cleaning and Maintenance Workers,broad,255580,1.8,22.3,46380
25,1070,"Health Teachers, Postsecondary",broad,255190,1.8,5.65,113370
41,2022,Parts Salespersons,detail,254870,1.8,16.39,34080
43,3011,Bill and Account Collectors,detail,251330,1.7,18.38,38220
51,5110,Printing Workers,broad,249140,1.7,18.39,38260
41,1012,First-Line Supervisors of Non-Retail Sales Workers,detail,247570,1.7,40.67,84600
49,2020,Radio and Telecommunications Equipment Installers and Repairers,broad,243820,1.7,27.42,57030
25,3021,Self-Enrichment Education Teachers,detail,243080,1.7,21.62,44960
44501,,Marketing Managers,detail,240440,1.7,70.79,147240
27,3031,Public Relations Specialists,detail,239030,1.7,32.9,68440
27,2022,Coaches and Scouts,detail,236970,1.6,2.18,43870
49,2090,"Miscellaneous Electrical and Electronic Equipment Mechanics, Installers, and Repairers",broad,236690,1.6,26.23,54570
47,3010,"Helpers, Construction Trades",broad,233580,1.6,15.82,32900
49,9050,Line Installers and Repairers,broad,233010,1.6,31.03,64540
47,2140,Painters and Paperhangers,broad,231200,1.6,20.69,43030
51,9199,"Production Workers, All Other",detail,230760,1.6,16.58,34490
15,1131,Computer Programmers,detail,230470,1.6,43.07,89580
49,2022,"Telecommunications Equipment Installers and Repairers, Except Line Installers",detail,229890,1.6,27.44,57080
39,1021,First-Line Supervisors of Personal Service Workers,detail,228620,1.6,20.05,41710
29,1123,Physical Therapists,detail,228600,1.6,42.73,88880
47,2141,"Painters, Construction and Maintenance",detail,228420,1.6,20.7,43050
43,9020,Data Entry and Information Processing Workers,broad,228060,1.6,17.05,35470
43,4131,Loan Interviewers and Clerks,detail,222620,1.5,19.86,41310
2612155,,Food Service Managers,detail,219160,1.5,28.35,58960
27,1024,Graphic Designers,detail,217810,1.5,26.29,54680
29,2021,Dental Hygienists,detail,215150,1.5,36.3,75500
51,6011,Laundry and Dry-Cleaning Workers,detail,213350,1.5,11.77,24480
13,1051,Cost Estimators,detail,211600,1.5,33.52,69710
29,2071,Medical Records and Health Information Technicians,detail,208650,1.4,21.16,44010
53,3041,Taxi Drivers and Chauffeurs,detail,207920,1.4,13.68,28450
29,2034,Radiologic Technologists,detail,205590,1.4,29.59,61540
2645027,,"Property, Real Estate, and Community Association Managers",detail,202550,1.4,34.49,71730
13,2052,Personal Financial Advisors,detail,200260,1.4,58.54,121770
39,2021,Nonfarm Animal Caretakers,detail,199850,1.4,12.45,25890
43,5032,"Dispatchers, Except Police, Fire, and Ambulance",detail,199880,1.4,20.64,42940
25,1071,"Health Specialties Teachers, Postsecondary",detail,199480,1.4,6.09,122320
49,3040,Heavy Vehicle and Mobile Equipment Service Technicians and Mechanics,broad,199280,1.4,24.89,51780
41,9020,Real Estate Brokers and Sales Agents,broad,197080,1.4,31.37,65240
43,9199,"Office and Administrative Support Workers, All Other",detail,196570,1.4,18.02,37480
11,1011,Chief Executives,detail,195530,1.4,96.22,200140
17,3010,Drafters,broad,193260,1.3,27.97,58180
43,4111,"Interviewers, Except Eligibility and Loan",detail,192820,1.3,17.08,35520
27,3040,Writers and Editors,broad,191320,1.3,34.58,71920
51,9020,"Crushing, Grinding, Polishing, Mixing, and Blending Workers",broad,190770,1.3,18.25,37960
47,2050,"Cement Masons, Concrete Finishers, and Terrazzo Workers",broad,189130,1.3,22.76,47340
2608503,,Architectural and Engineering Managers,detail,188290,1.3,71.62,148970
51,4031,"Cutting, Punching, and Press Machine Setters, Operators, and Tenders, Metal and Plastic",detail,186640,1.3,17.4,36180
17,2071,Electrical Engineers,detail,186490,1.3,48.85,101600
47,2051,Cement Masons and Concrete Finishers,detail,186400,1.3,22.76,47350
25,2052,"Special Education Teachers, Kindergarten and Elementary School",detail,185190,1.3,3.14,63110
25,1199,"Postsecondary Teachers, All Other",detail,183750,1.3,3.83,76990
15,1152,Computer Network Support Specialists,detail,181360,1.3,32.72,68050
420700,,Industrial Production Managers,detail,181310,1.3,54.51,113370
51,3011,Bakers,detail,180010,1.2,13.78,28660
51,4070,"Molders and Molding Machine Setters, Operators, and Tenders, Metal and Plastic",broad,179710,1.2,16.44,34200
29,1171,Nurse Practitioners,detail,179650,1.2,52.9,110030
39,5090,Miscellaneous Personal Appearance Workers,broad,177770,1.2,14.13,29380
43,6012,Legal Secretaries,detail,176880,1.2,24.06,50040
43,9021,Data Entry Keyers,detail,174930,1.2,16.22,33740
53,3021,"Bus Drivers, Transit and Intercity",detail,174110,1.2,21.47,44650
51,5112,Printing Press Operators,detail,173470,1.2,18.49,38470
51,4010,Computer Control Programmers and Operators,broad,171920,1.2,21.13,43940
13,1081,Logisticians,detail,169820,1.2,37.85,78730
21,1022,Healthcare Social Workers,detail,168190,1.2,28.11,58470
27,2010,"Actors, Producers, and Directors",broad,166060,1.1,39.24,81610
41,9041,Telemarketers,detail,164160,1.1,13.72,28550
51,4072,"Molding, Coremaking, and Casting Machine Setters, Operators, and Tenders, Metal and Plastic",detail,164110,1.1,16.32,33950
25,9031,Instructional Coordinators,detail,163900,1.1,32.45,67490
33,1010,First-Line Supervisors of Law Enforcement Workers,broad,160410,1.1,41.51,86350
51,3092,Food Batchmakers,detail,160160,1.1,15.43,32090
43,4151,Order Clerks,detail,159210,1.1,17.21,35790
49,9099,"Installation, Maintenance, and Repair Workers, All Other",detail,157030,1.1,20.7,43050
41,9022,Real Estate Sales Agents,detail,156760,1.1,29.67,61720
51,3022,"Meat, Poultry, and Fish Cutters and Trimmers",detail,156440,1.1,13.36,27790
51,9120,Painting Workers,broad,156470,1.1,19.16,39850
35,2015,"Cooks, Short Order",detail,155840,1.1,12.09,25140
43,4199,"Information and Record Clerks, All Other",detail,155220,1.1,20.15,41900
37,1011,First-Line Supervisors of Housekeeping and Janitorial Workers,detail,154180,1.1,20.75,43150
15,1143,Computer Network Architects,detail,152670,1.1,53.43,111130
2648679,,Social and Community Service Managers,detail,149870,1.0,34.46,71670
47,4051,Highway Maintenance Workers,detail,149260,1.0,19.92,41440
51,4011,"Computer-Controlled Machine Tool Operators, Metal and Plastic",detail,148150,1.0,20.17,41960
29,1127,Speech-Language Pathologists,detail,146900,1.0,38.8,80700
53,6021,Parking Lot Attendants,detail,145900,1.0,12.08,25130
33,9092,"Lifeguards, Ski Patrol, and Other Recreational Protective Service Workers",detail,144370,1.0,11.74,24420
43,3051,Payroll and Timekeeping Clerks,detail,144030,1.0,22.17,46110
19,4090,"Miscellaneous Life, Physical, and Social Science Technicians",broad,144010,1.0,24.38,50720
446267,,Human Resources Managers,detail,143580,1.0,60.91,126700
2605581,,"Education Administrators, Postsecondary",detail,143430,1.0,53.47,111210
25,2054,"Special Education Teachers, Secondary School",detail,142360,1.0,3.25,65320
43,4031,"Court, Municipal, and License Clerks",detail,142350,1.0,19.76,41100
49,3021,Automotive Body and Related Repairers,detail,142060,1.0,22.34,46460
17,2199,"Engineers, All Other",detail,142030,1.0,47.8,99410
33,9099,"Protective Service Workers, All Other",detail,141790,1.0,16.66,34650
29,2090,Miscellaneous Health Technologists and Technicians,broad,141790,1.0,23.82,49540
31,2020,Physical Therapist Assistants and Aides,broad,141510,1.0,23.07,47980
49,3042,"Mobile Heavy Equipment Mechanics, Except Engines",detail,140260,1.0,25.66,53370
49,3090,"Miscellaneous Vehicle and Mobile Equipment Mechanics, Installers, and Repairers",broad,139370,1.0,14.8,30780
43,4061,"Eligibility Interviewers, Government Programs",detail,137830,1.0,22.34,46480
51,6031,Sewing Machine Operators,detail,136450,0.9,12.98,26990
17,2072,"Electronics Engineers, Except Computer",detail,134110,0.9,51.89,107930
39,3031,"Ushers, Lobby Attendants, and Ticket Takers",detail,133970,0.9,11.35,23610
51,4081,"Multiple Machine Tool Setters, Operators, and Tenders, Metal and Plastic",detail,133840,0.9,18.03,37510
51,3021,Butchers and Meat Cutters,detail,133670,0.9,15.97,33210
41,3011,Advertising Sales Agents,detail,133110,0.9,30.46,63360
51,9010,"Chemical Processing Machine Setters, Operators, and Tenders",broad,132660,0.9,23.3,48470
43,4181,Reservation and Transportation Ticket Agents and Travel Clerks,detail,132050,0.9,20.06,41730
49,3011,Aircraft Mechanics and Service Technicians,detail,131690,0.9,31.36,65230
47,2211,Sheet Metal Workers,detail,131570,0.9,25.34,52710
25,1191,Graduate Teaching Assistants,detail,131490,0.9,1.81,36390
51,7040,"Woodworking Machine Setters, Operators, and Tenders",broad,131240,0.9,14.98,31150
25,2012,"Kindergarten Teachers, Except Special Education",detail,131160,0.9,2.91,58370
29,1126,Respiratory Therapists,detail,129600,0.9,30.05,62500
27,1026,Merchandise Displayers and Window Trimmers,detail,128960,0.9,15.31,31850
13,2099,"Financial Specialists, All Other",detail,128760,0.9,37.3,77580
51,9023,"Mixing and Blending Machine Setters, Operators, and Tenders",detail,128600,0.9,18.92,39360
47,2181,Roofers,detail,128680,0.9,21.09,43870
35,1011,Chefs and Head Cooks,detail,128600,0.9,25.08,52160
29,1020,Dentists,broad,128060,0.9,86.82,180590
15,1134,Web Developers,detail,127300,0.9,36.34,75580
19,1040,Medical Scientists,broad,127380,0.9,45.8,95270
17,3023,Electrical and Electronics Engineering Technicians,detail,126950,0.9,31.27,65050
29,1122,Occupational Therapists,detail,126900,0.9,41.04,85350
25,4021,Librarians,detail,125750,0.9,29.58,61530
31,9097,Phlebotomists,detail,125280,0.9,17.1,35560
29,2099,"Health Technologists and Technicians, All Other",detail,125270,0.9,22.81,47450
19,3030,Psychologists,broad,124750,0.9,41.63,86600
428005,,"Transportation, Storage, and Distribution Managers",detail,124810,0.9,49.45,102850
43,4161,"Human Resources Assistants, Except Payroll and Timekeeping",detail,124600,0.9,20.01,41620
51,8031,Water and Wastewater Treatment Plant and System Operators,detail,123650,0.9,23.79,49490
17,1010,"Architects, Except Naval",broad,123020,0.9,41.58,86480
13,2080,"Tax Examiners, Collectors and Preparers, and Revenue Agents",broad,122640,0.8,25.45,52930
27,4010,Broadcast and Sound Engineering Technicians and Radio Operators,broad,121890,0.8,24.02,49960
53,2010,Aircraft Pilots and Flight Engineers,broad,120760,0.8,7.30,146660
51,4020,"Forming Machine Setters, Operators, and Tenders, Metal and Plastic",broad,120630,0.8,18.35,38170
47,2080,"Drywall Installers, Ceiling Tile Installers, and Tapers",broad,120220,0.8,24.24,50420
19,1042,"Medical Scientists, Except Epidemiologists",detail,120320,0.8,46.36,96420
53,2031,Flight Attendants,detail,118770,0.8,2.82,56630
27,2012,Producers and Directors,detail,118630,0.8,43.19,89840
53,7081,Refuse and Recyclable Material Collectors,detail,118520,0.8,19.5,40560
49,9052,Telecommunications Line Installers and Repairers,detail,118200,0.8,28.36,59000
25,1060,"Social Sciences Teachers, Postsecondary",broad,117510,0.8,4.60,92440
21,1023,Mental Health and Substance Abuse Social Workers,detail,116750,0.8,23.86,49630
33,1012,First-Line Supervisors of Police and Detectives,detail,116660,0.8,44.76,93100
19,2040,Environmental Scientists and Geoscientists,broad,116020,0.8,41.1,85480
49,9051,Electrical Power-Line Installers and Repairers,detail,114800,0.8,33.77,70240
29,1071,Physician Assistants,detail,114710,0.8,52.13,108430
29,1062,Family and General Practitioners,detail,114130,0.8,101.82,211780
53,6031,Automotive and Watercraft Service Attendants,detail,113760,0.8,12.47,25940
39,3010,Gaming Services Workers,broad,113640,0.8,11.65,24240
29,1021,"Dentists, General",detail,113000,0.8,84.54,175840
49,3093,Tire Repairers and Changers,detail,111620,0.8,14.2,29530
25,1194,"Vocational Education Teachers, Postsecondary",detail,110400,0.8,28.14,58520
19,3031,"Clinical, Counseling, and School Psychologists",detail,110490,0.8,41.03,85340
39,5092,Manicurists and Pedicurists,detail,110170,0.8,12.43,25860
29,2055,Surgical Technologists,detail,110160,0.8,23.58,49040
13,1121,"Meeting, Convention, and Event Planners",detail,110120,0.8,25.83,53730
15,1141,Database Administrators,detail,110090,0.8,44.25,92030
43,4071,File Clerks,detail,110020,0.8,16.25,33810
23,2090,Miscellaneous Legal Support Workers,broad,109820,0.8,29.19,60710
19,1020,Biological Scientists,broad,109040,0.8,41.54,86390
39,9041,Residential Advisors,detail,108380,0.7,14.41,29970
15,1122,Information Security Analysts,detail,108060,0.7,49.26,102470
21,1015,Rehabilitation Counselors,detail,106860,0.7,19.2,39930
29,2056,Veterinary Technologists and Technicians,detail,106680,0.7,17.1,35560
25,9099,"Education, Training, and Library Workers, All Other",detail,106590,0.7,22.44,46680
29,9010,Occupational Health and Safety Specialists and Technicians,broad,106410,0.7,34.43,71610
31,9011,Massage Therapists,detail,105160,0.7,22.06,45880
49,9098,"Helpers--Installation, Maintenance, and Repair Workers",detail,105040,0.7,15.09,31390
41,9090,Miscellaneous Sales and Related Workers,broad,105120,0.7,19.19,39910
17,1011,"Architects, Except Landscape and Naval",detail,104360,0.7,42.72,88860
15,2031,Operations Research Analysts,detail,104200,0.7,42.48,88350
47,4011,Construction and Building Inspectors,detail,104090,0.7,30.36,63150
43,5053,"Postal Service Mail Sorters, Processors, and Processing Machine Operators",detail,103830,0.7,24.64,51250
33,3021,Detectives and Criminal Investigators,detail,103450,0.7,40.88,85020
49,2011,"Computer, Automated Teller, and Office Machine Repairers",detail,102810,0.7,19.65,40880
51,7011,Cabinetmakers and Bench Carpenters,detail,102100,0.7,17.59,36580
47,2081,Drywall and Ceiling Tile Installers,detail,101900,0.7,23.64,49170
37,1012,"First-Line Supervisors of Landscaping, Lawn Service, and Groundskeeping Workers",detail,101390,0.7,24.66,51280
51,4190,Miscellaneous Metal Workers and Plastic Workers,broad,100470,0.7,18.24,37940
21,1099,"Community and Social Service Specialists, All Other",detail,98170,0.7,22.14,46050
51,9196,"Paper Goods Machine Setters, Operators, and Tenders",detail,97960,0.7,19.38,40320
17,3011,Architectural and Civil Drafters,detail,97610,0.7,27.26,56700
13,2053,Insurance Underwriters,detail,96040,0.7,36.96,76880
27,3041,Editors,detail,95750,0.7,33.41,69480
41,9099,"Sales and Related Workers, All Other",detail,95690,0.7,19.46,40480
43,5031,"Police, Fire, and Ambulance Dispatchers",detail,95020,0.7,20.81,43290
25,1121,"Art, Drama, and Music Teachers, Postsecondary",detail,94310,0.7,4.11,82560
31,2021,Physical Therapist Assistants,detail,94250,0.7,27.77,57750
51,8090,Miscellaneous Plant and System Operators,broad,94010,0.7,31.94,66430
39,3011,Gaming Dealers,detail,92530,0.6,11.09,23070
43,5011,Cargo and Freight Agents,detail,92280,0.6,22.15,46070
19,2030,Chemists and Materials Scientists,broad,92300,0.6,41.06,85400
27,1010,Artists and Related Workers,broad,90990,0.6,40.83,84930
31,9096,Veterinary Assistants and Laboratory Animal Caretakers,detail,89480,0.6,13.79,28690
43,4121,"Library Assistants, Clerical",detail,88970,0.6,13.92,28960
31,9099,"Healthcare Support Workers, All Other",detail,88990,0.6,18.8,39110
25,4031,Library Technicians,detail,88690,0.6,17.34,36080
51,9121,"Coating, Painting, and Spraying Machine Setters, Operators, and Tenders",detail,88560,0.6,17.55,36510
29,9011,Occupational Health and Safety Specialists,detail,88390,0.6,36.03,74940
25,2053,"Special Education Teachers, Middle School",detail,87870,0.6,3.21,64390
21,1092,Probation Officers and Correctional Treatment Specialists,detail,87660,0.6,28.27,58790
43,9051,"Mail Clerks and Mail Machine Operators, Except Postal Service",detail,86150,0.6,15.41,32040
41,9010,"Models, Demonstrators, and Product Promoters",broad,84560,0.6,15.96,33200
19,2031,Chemists,detail,84560,0.6,40.31,83850
25,1011,"Business Teachers, Postsecondary",detail,84230,0.6,5.15,103330
47,2040,"Carpet, Floor, and Tile Installers and Finishers",broad,83740,0.6,21.79,45330
25,1020,"Math and Computer Teachers, Postsecondary",broad,83690,0.6,4.51,90650
13,1141,"Compensation, Benefits, and Job Analysis Specialists",detail,83550,0.6,32.65,67910
17,3029,"Engineering Technicians, Except Drafters, All Other",detail,83360,0.6,31.6,65720
53,2011,"Airline Pilots, Copilots, and Flight Engineers",detail,82890,0.6,8.44,169560
51,9011,Chemical Equipment Operators and Tenders,detail,82880,0.6,24.55,51070
41,9011,Demonstrators and Product Promoters,detail,81250,0.6,15.99,33260
19,2041,"Environmental Scientists and Specialists, Including Health",detail,80480,0.6,37.3,77580
49,9043,"Maintenance Workers, Machinery",detail,80270,0.6,23.42,48720
39,6010,"Baggage Porters, Bellhops, and Concierges",broad,79840,0.6,14.46,30070
33,9091,Crossing Guards,detail,79880,0.6,15.37,31970
51,7042,"Woodworking Machine Setters, Operators, and Tenders, Except Sawing",detail,78980,0.5,14.96,31110
47,5010,"Derrick, Rotary Drill, and Service Unit Operators, Oil, Gas, and Mining",broad,79030,0.5,25.46,52950
43,5051,Postal Service Clerks,detail,78830,0.5,24.45,50860
33,1099,"First-Line Supervisors of Protective Service Workers, All Other",detail,78610,0.5,25.35,52730
27,3090,Miscellaneous Media and Communication Workers,broad,77560,0.5,26.2,54490
25,2032,"Career/Technical Education Teachers, Secondary School",detail,77460,0.5,3.13,62810
19,4021,Biological Technicians,detail,77450,0.5,23.1,48060
47,2221,Structural Iron and Steel Workers,detail,77410,0.5,27.97,58170
37,2021,Pest Control Workers,detail,77300,0.5,18.24,37950
51,9080,"Medical, Dental, and Ophthalmic Laboratory Technicians",broad,77110,0.5,19.15,39840
13,1075,Labor Relations Specialists,detail,77140,0.5,34.01,70730
47,2020,"Brickmasons, Blockmasons, and Stonemasons",broad,76240,0.5,25.39,52810
51,2041,Structural Metal Fabricators and Fitters,detail,76090,0.5,20.02,41640
47,3013,Helpers--Electricians,detail,75970,0.5,15.84,32960
27,4011,Audio and Video Equipment Technicians,detail,75940,0.5,23.53,48940
43,5021,Couriers and Messengers,detail,75720,0.5,14.72,30620
13,1131,Fundraisers,detail,75700,0.5,29.62,61610
51,3023,Slaughterers and Meat Packers,detail,75550,0.5,13.68,28450
51,6060,"Textile Machine Setters, Operators, and Tenders",broad,75490,0.5,14.37,29880
51,4021,"Extruding and Drawing Machine Setters, Operators, and Tenders, Metal and Plastic",detail,75610,0.5,17.61,36620
13,2041,Credit Analysts,detail,74820,0.5,39.57,82300
49,9010,Control and Valve Installers and Repairers,broad,74400,0.5,25.7,53460
51,9041,"Extruding, Forming, Pressing, and Compacting Machine Setters, Operators, and Tenders",detail,72870,0.5,17.69,36800
51,4111,Tool and Die Makers,detail,72700,0.5,25.79,53650
48153,,Public Relations and Fundraising Managers,detail,72460,0.5,63.26,131570
29,2081,"Opticians, Dispensing",detail,72250,0.5,19.2,39930
49,9060,Precision Instrument and Equipment Repairers,broad,72010,0.5,24.58,51120
51,4033,"Grinding, Lapping, Polishing, and Buffing Machine Tool Setters, Operators, and Tenders, Metal and Plastic",detail,71870,0.5,17.64,36690
43,2011,"Switchboard Operators, Including Answering Service",detail,71600,0.5,15.04,31290
51,6090,"Miscellaneous Textile, Apparel, and Furnishings Workers",broad,71570,0.5,17.18,35740
29,2053,Psychiatric Technicians,detail,71360,0.5,18.15,37760
51,9030,Cutting Workers,broad,71420,0.5,16.87,35090
17,3022,Civil Engineering Technicians,detail,71150,0.5,26.29,54670
29,2032,Diagnostic Medical Sonographers,detail,71130,0.5,35.51,73860
29,1131,Veterinarians,detail,71060,0.5,50.59,105240
49,2098,Security and Fire Alarm Systems Installers,detail,70900,0.5,23.34,48540
41,3041,Travel Agents,detail,69480,0.5,20.54,42720
424353,,Purchasing Managers,detail,69490,0.5,60.4,125630
49,3050,Small Engine Mechanics,broad,69130,0.5,18.84,39180
25,1123,"English Language and Literature Teachers, Postsecondary",detail,68360,0.5,3.89,78150
43,3061,Procurement Clerks,detail,68100,0.5,20.76,43180
13,2082,Tax Preparers,detail,68090,0.5,22.53,46860
17,3026,Industrial Engineering Technicians,detail,66540,0.5,28.3,58860
53,7063,Machine Feeders and Offbearers,detail,66380,0.5,15.24,31710
43,5111,"Weighers, Measurers, Checkers, and Samplers, Recordkeeping",detail,65830,0.5,16.39,34100
33,1021,First-Line Supervisors of Fire Fighting and Prevention Workers,detail,65920,0.5,38.61,80310
41,9031,Sales Engineers,detail,65720,0.5,52.22,108610
25,1080,"Education and Library Science Teachers, Postsecondary",broad,65570,0.5,3.68,73800
19,4031,Chemical Technicians,detail,65500,0.5,24.84,51670
19,4099,"Life, Physical, and Social Science Technicians, All Other",detail,65220,0.5,25.45,52940
25,1040,"Life Sciences Teachers, Postsecondary",broad,64660,0.4,4.79,96110
29,1031,Dietitians and Nutritionists,detail,64670,0.4,29.43,61210
47,2021,Brickmasons and Blockmasons,detail,63930,0.4,26.17,54430
17,2011,Aerospace Engineers,detail,63960,0.4,56.3,117100
29,9090,Miscellaneous Health Practitioners and Technical Workers,broad,62210,0.4,27.89,58000
25,1081,"Education Teachers, Postsecondary",detail,60930,0.4,3.67,73680
51,9032,"Cutting and Slicing Machine Setters, Operators, and Tenders",detail,60840,0.4,17.16,35700
17,2061,Computer Hardware Engineers,detail,60750,0.4,56.66,117840
2637722,,Natural Sciences Managers,detail,60260,0.4,67.16,139680
49,2094,"Electrical and Electronics Repairers, Commercial and Industrial Equipment",detail,59520,0.4,28.47,59210
39,9099,"Personal Care and Service Workers, All Other",detail,58970,0.4,13.59,28270
21,1091,Health Educators,detail,58780,0.4,28.68,59660
13,2061,Financial Examiners,detail,58590,0.4,43.42,90310
13,2021,Appraisers and Assessors of Real Estate,detail,57900,0.4,29.75,61870
25,3011,Adult Basic and Secondary Education and Literacy Teachers and Instructors,detail,57750,0.4,27.94,58110
21,1029,"Social Workers, All Other",detail,57440,0.4,30.12,62660
27,3091,Interpreters and Translators,detail,57140,0.4,26.55,55230
27,1025,Interior Designers,detail,57070,0.4,28.42,59120
31,1013,Psychiatric Aides,detail,56910,0.4,14.95,31090
53,3099,"Motor Vehicle Operators, All Other",detail,56810,0.4,17.14,35640
29,2031,Cardiovascular Technologists and Technicians,detail,56560,0.4,28.24,58730
47,2130,Insulation Workers,broad,56440,0.4,22.55,46910
17,1020,"Surveyors, Cartographers, and Photogrammetrists",broad,56360,0.4,32.12,66810
21,1094,Community Health Workers,detail,56130,0.4,20.9,43480
17,3013,Mechanical Drafters,detail,56170,0.4,28.37,59010
35,9099,"Food Preparation and Serving Related Workers, All Other",detail,55980,0.4,12.23,25430
25,1072,"Nursing Instructors and Teachers, Postsecondary",detail,55710,0.4,4.05,81350
51,9122,"Painters, Transportation Equipment",detail,55710,0.4,22.34,46460
31,9093,Medical Equipment Preparers,detail,55610,0.4,18.27,37990
43,4011,Brokerage Clerks,detail,55100,0.4,25.93,53940
47,5071,"Roustabouts, Oil and Gas",detail,54810,0.4,19.34,40220
47,3015,"Helpers--Pipelayers, Plumbers, Pipefitters, and Steamfitters",detail,54710,0.4,15.66,32570
13,2081,"Tax Examiners and Collectors, and Revenue Agents",detail,54550,0.4,29.09,60500
27,2040,"Musicians, Singers, and Related Workers",broad,53840,0.4,35.53,-4
31,9094,Medical Transcriptionists,detail,53730,0.4,17.48,36350
43,9022,Word Processors and Typists,detail,53130,0.4,19.79,41160
17,2081,Environmental Engineers,detail,53070,0.4,44.54,92640
29,2057,Ophthalmic Medical Technicians,detail,52890,0.4,18.38,38220
13,2031,Budget Analysts,detail,52810,0.4,38.38,79830
51,7041,"Sawing Machine Setters, Operators, and Tenders, Wood",detail,52260,0.4,15,31200
17,3031,Surveying and Mapping Technicians,detail,52300,0.4,22.93,47690
23,2093,"Title Examiners, Abstractors, and Searchers",detail,52180,0.4,24.7,51380
25,1050,"Physical Sciences Teachers, Postsecondary",broad,52160,0.4,4.84,97280
25,1042,"Biological Science Teachers, Postsecondary",detail,51770,0.4,4.85,97340
51,8010,"Power Plant Operators, Distributors, and Dispatchers",broad,51820,0.4,39.31,81760
49,9012,"Control and Valve Installers and Repairers, Except Mechanical Door",detail,51730,0.4,27.83,57890
19,3090,Miscellaneous Social Scientists and Related Workers,broad,51640,0.4,41.02,85320
25,1022,"Mathematical Science Teachers, Postsecondary",detail,51250,0.4,4.34,87140
47,2121,Glaziers,detail,50940,0.4,23.38,48620
21,2011,Clergy,detail,50960,0.4,25.62,53290
39,5094,Skincare Specialists,detail,50740,0.4,17.48,36350
2604850,,"Education Administrators, Preschool and Childcare Center/Program",detail,50650,0.4,25.96,53990
11,1031,Legislators,detail,50330,0.3,2.37,47620
31,2010,Occupational Therapy Assistants and Aides,broad,50360,0.3,27,56150
27,3042,Technical Writers,detail,50350,0.3,36.3,75500
31,1015,Orderlies,detail,50100,0.3,14.35,29840
39,7010,Tour and Travel Guides,broad,49740,0.3,14.25,29630
51,9012,"Separating, Filtering, Clarifying, Precipitating, and Still Machine Setters, Operators, and Tenders",detail,49770,0.3,21.22,44140
53,7030,"Dredge, Excavating, and Loading Machine Operators",broad,49780,0.3,23.46,48790
47,5013,"Service Unit Operators, Oil, Gas, and Mining",detail,49710,0.3,25.38,52780
27,4021,Photographers,detail,49560,0.3,20.56,42770
27,4030,"Television, Video, and Motion Picture Camera Operators and Editors",broad,49240,0.3,36.58,76090
23,1020,"Judges, Magistrates, and Other Judicial Workers",broad,49040,0.3,52.49,109170
43,9071,"Office Machine Operators, Except Computer",detail,48580,0.3,16.6,34530
21,1013,Marriage and Family Therapists,detail,48520,0.3,26.03,54150
51,2031,Engine and Other Machine Assemblers,detail,48200,0.3,21.79,45330
27,2011,Actors,detail,47430,0.3,29.34,-4
31,2022,Physical Therapist Aides,detail,47260,0.3,13.7,28500
47,2071,"Paving, Surfacing, and Tamping Equipment Operators",detail,46760,0.3,21.32,44360
49,9062,Medical Equipment Repairers,detail,46320,0.3,25.34,52710
53,7032,Excavating and Loading Machine and Dragline Operators,detail,46090,0.3,23.4,48680
51,5113,Print Binding and Finishing Workers,detail,45690,0.3,16.76,34850
33,9093,Transportation Security Screeners,detail,45250,0.3,20.13,41860
17,1022,Surveyors,detail,45310,0.3,31.94,66440
27,3043,Writers and Authors,detail,45210,0.3,35.14,73090
25,1030,"Engineering and Architecture Teachers, Postsecondary",broad,44420,0.3,5.55,111450
25,1110,"Law, Criminal Justice, and Social Work Teachers, Postsecondary",broad,44500,0.3,4.79,96110
53,7021,Crane and Tower Operators,detail,44410,0.3,27.96,58160
47,4041,Hazardous Materials Removal Workers,detail,44000,0.3,22.62,47050
49,9044,Millwrights,detail,43810,0.3,27.04,56250
33,1011,First-Line Supervisors of Correctional Officers,detail,43760,0.3,32.86,68350
29,1151,Nurse Anesthetists,detail,43520,0.3,84.03,174790
27,1023,Floral Designers,detail,43360,0.3,13.9,28900
51,2011,"Aircraft Structure, Surfaces, Rigging, and Systems Assemblers",detail,43150,0.3,26.7,55530
23,2099,"Legal Support Workers, All Other",detail,43150,0.3,34.34,71420
27,3020,"News Analysts, Reporters and Correspondents",broad,43030,0.3,29.1,60530
31,2011,Occupational Therapy Assistants,detail,42660,0.3,29.04,60410
19,1029,"Biological Scientists, All Other",detail,42640,0.3,40.19,83600
51,3099,"Food Processing Workers, All Other",detail,42620,0.3,13.26,27590
51,9195,"Molders, Shapers, and Casters, Except Metal and Plastic",detail,42500,0.3,16.92,35190
39,6011,Baggage Porters and Bellhops,detail,42350,0.3,12.98,26990
37,3013,Tree Trimmers and Pruners,detail,42440,0.3,19.47,40510
53,4031,Railroad Conductors and Yardmasters,detail,42360,0.3,31.77,66080
27,2042,Musicians and Singers,detail,41680,0.3,37.51,-4
43,4141,New Accounts Clerks,detail,41500,0.3,17.79,37000
17,3027,Mechanical Engineering Technicians,detail,41460,0.3,28,58240
53,4010,Locomotive Engineers and Operators,broad,41090,0.3,31.37,65240
2607772,,"Education Administrators, All Other",detail,41000,0.3,43.06,89570
41,9021,Real Estate Brokers,detail,40320,0.3,37.95,78940
27,1011,Art Directors,detail,40210,0.3,50.29,104590
51,4193,"Plating and Coating Machine Setters, Operators, and Tenders, Metal and Plastic",detail,40070,0.3,16.74,34830
15,2041,Statisticians,detail,39920,0.3,44.52,92600
47,2044,Tile and Marble Setters,detail,39130,0.3,22.09,45950
53,5020,Ship and Boat Captains and Operators,broad,38910,0.3,38.61,80310
51,8093,"Petroleum Pump System Operators, Refinery Operators, and Gaugers",detail,38930,0.3,33.96,70630
29,2035,Magnetic Resonance Imaging Technologists,detail,38540,0.3,34.73,72230
51,6021,"Pressers, Textile, Garment, and Related Materials",detail,38320,0.3,11.57,24060
45,2041,"Graders and Sorters, Agricultural Products",detail,38210,0.3,12.74,26510
47,2151,Pipelayers,detail,38070,0.3,20.91,43500
53,2012,Commercial Pilots,detail,37870,0.3,4.81,96530
45,2093,"Farmworkers, Farm, Ranch, and Aquacultural Animals",detail,37780,0.3,13.87,28840
19,3051,Urban and Regional Planners,detail,37840,0.3,36.65,76240
29,1063,"Internists, General",detail,37820,0.3,94.47,196490
25,1066,"Psychology Teachers, Postsecondary",detail,37630,0.3,4.41,88490
25,1032,"Engineering Teachers, Postsecondary",detail,37530,0.3,5.66,113680
39,6012,Concierges,detail,37490,0.3,16.13,33550
53,6099,"Transportation Workers, All Other",detail,37560,0.3,20.61,42870
45,4020,Logging Workers,broad,37400,0.3,20.36,42340
27,3022,Reporters and Correspondents,detail,37140,0.3,26.7,55530
29,1041,Optometrists,detail,37220,0.3,57.68,119980
2623113,,Lodging Managers,detail,37050,0.3,29.94,62270
31,9095,Pharmacy Aides,detail,36970,0.3,14.03,29190
25,2059,"Special Education Teachers, All Other",detail,36800,0.3,3.11,62500
29,1199,"Health Diagnosing and Treating Practitioners, All Other",detail,36680,0.3,41.16,85600
53,5021,"Captains, Mates, and Pilots of Water Vessels",detail,36390,0.3,39.61,82380
13,2071,Credit Counselors,detail,35740,0.2,23.95,49820
449919,,Training and Development Managers,detail,35690,0.2,58.53,121730
19,3099,"Social Scientists and Related Workers, All Other",detail,35530,0.2,41.22,85750
39,4021,Funeral Attendants,detail,35340,0.2,13.69,28480
27,3010,Announcers,broad,35260,0.2,23.54,48960
51,4122,"Welding, Soldering, and Brazing Machine Setters, Operators, and Tenders",detail,35080,0.2,18.83,39160
53,4011,Locomotive Engineers,detail,34850,0.2,32.17,66920
43,9011,Computer Operators,detail,34700,0.2,22.47,46750
29,1011,Chiropractors,detail,34740,0.2,41.28,85870
19,4061,Social Science Research Assistants,detail,34550,0.2,24.24,50420
29,1067,Surgeons,detail,34390,0.2,122.65,255110
51,9081,Dental Laboratory Technicians,detail,34480,0.2,20.76,43180
49,3041,Farm Equipment Mechanics and Service Technicians,detail,34300,0.2,20.29,42190
51,8013,Power Plant Operators,detail,33920,0.2,37.51,78030
29,2051,Dietetic Technicians,detail,33540,0.2,14.49,30130
43,5041,"Meter Readers, Utilities",detail,33570,0.2,21.46,44640
47,4090,Miscellaneous Construction and Related Workers,broad,33340,0.2,20.68,43000
27,1021,Commercial and Industrial Designers,detail,33200,0.2,34.34,71430
47,3012,Helpers--Carpenters,detail,33020,0.2,15.32,31850
51,6093,Upholsterers,detail,32870,0.2,17.27,35920
49,9091,"Coin, Vending, and Amusement Machine Servicers and Repairers",detail,32920,0.2,17.49,36390
29,9099,"Healthcare Practitioners and Technical Workers, All Other",detail,32680,0.2,30.45,63340
19,4091,"Environmental Science and Protection Technicians, Including Health",detail,32600,0.2,24.21,50350
17,2171,Petroleum Engineers,detail,32510,0.2,75.18,156370
25,1021,"Computer Science Teachers, Postsecondary",detail,32430,0.2,4.79,96200
53,2020,Air Traffic Controllers and Airfield Operations Specialists,broad,32360,0.2,48.61,101100
51,3093,Food Cooking Machine Operators and Tenders,detail,32260,0.2,15.23,31690
53,5011,Sailors and Marine Oilers,detail,32220,0.2,22.2,46180
17,2041,Chemical Engineers,detail,32060,0.2,55.03,114470
51,9021,"Crushing, Grinding, and Polishing Machine Setters, Operators, and Tenders",detail,31890,0.2,18.3,38060
47,2131,"Insulation Workers, Floor, Ceiling, and Wall",detail,31840,0.2,20.23,42070
51,6064,"Textile Winding, Twisting, and Drawing Out Machine Setters, Operators, and Tenders",detail,31650,0.2,14.26,29660
49,3053,Outdoor Power Equipment and Other Small Engine Mechanics,detail,31760,0.2,17.76,36940
25,4010,"Archivists, Curators, and Museum Technicians",broad,31760,0.2,25.61,53280
51,8021,Stationary Engineers and Boiler Operators,detail,31710,0.2,30.62,63690
27,4012,Broadcast Technicians,detail,31580,0.2,22.48,46770
29,1061,Anesthesiologists,detail,31060,0.2,128.38,267020
49,9031,Home Appliance Repairers,detail,31130,0.2,19.72,41020
43,3099,"Financial Clerks, All Other",detail,31010,0.2,21,43670
33,9021,Private Detectives and Investigators,detail,30990,0.2,27.31,56810
19,1010,Agricultural and Food Scientists,broad,30880,0.2,34.24,71230
19,1030,Conservation Scientists and Foresters,broad,30600,0.2,31.12,64720
39,1010,First-Line Supervisors of Gaming Workers,broad,30330,0.2,24.16,50250
51,9022,"Grinding and Polishing Workers, Hand",detail,30280,0.2,15.34,31900
19,4093,Forest and Conservation Technicians,detail,30220,0.2,19.28,40110
15,1111,Computer and Information Research Scientists,detail,30070,0.2,59.54,123850
43,4041,"Credit Authorizers, Checkers, and Clerks",detail,29980,0.2,19.55,40670
51,5111,Prepress Technicians and Workers,detail,29990,0.2,20.31,42240
53,6051,Transportation Inspectors,detail,29990,0.2,36.22,75330
51,4034,"Lathe and Turning Machine Tool Setters, Operators, and Tenders, Metal and Plastic",detail,29510,0.2,19.76,41090
19,2042,"Geoscientists, Except Hydrologists and Geographers",detail,29260,0.2,51.83,107800
25,1122,"Communications Teachers, Postsecondary",detail,29100,0.2,3.89,78090
27,1014,Multimedia Artists and Animators,detail,28560,0.2,37.61,78230
19,1021,Biochemists and Biophysicists,detail,28500,0.2,50.93,105940
23,1023,"Judges, Magistrate Judges, and Magistrates",detail,28520,0.2,58.23,121130
29,1065,"Pediatricians, General",detail,28490,0.2,88.1,183240
51,8091,Chemical Plant and System Operators,detail,28190,0.2,29.6,61570
27,4032,Film and Video Editors,detail,28160,0.2,41.75,86830
51,9083,Ophthalmic Laboratory Technicians,detail,27960,0.2,16.58,34490
27,3011,Radio and Television Announcers,detail,27780,0.2,24.82,51630
53,7070,Pumping Station Operators,broad,27560,0.2,25.24,52510
53,7199,"Material Moving Workers, All Other",detail,27010,0.2,16.83,35000
47,4071,Septic Tank Servicers and Sewer Pipe Cleaners,detail,27090,0.2,19.97,41530
29,9091,Athletic Trainers,detail,26890,0.2,2.45,49280
17,2131,Materials Engineers,detail,26930,0.2,46.6,96930
47,4021,Elevator Installers and Repairers,detail,26830,0.2,38.16,79370
51,4023,"Rolling Machine Setters, Operators, and Tenders, Metal and Plastic",detail,26700,0.2,19.61,40790
51,6050,"Tailors, Dressmakers, and Sewers",broad,26500,0.2,16.04,33350
21,1019,"Counselors, All Other",detail,26530,0.2,22.95,47740
47,3019,"Helpers, Construction Trades, All Other",detail,26320,0.2,15.56,32370
17,2111,"Health and Safety Engineers, Except Mining Safety Engineers and Inspectors",detail,26230,0.2,45.01,93630
45,2091,Agricultural Equipment Operators,detail,26060,0.2,15.68,32620
49,2097,Electronic Home Entertainment Equipment Installers and Repairers,detail,26070,0.2,19.13,39800
47,2041,Carpet Installers,detail,26100,0.2,21.42,44550
51,9071,Jewelers and Precious Stone and Metal Workers,detail,25910,0.2,20.95,43570
51,9141,Semiconductor Processors,detail,25730,0.2,19.14,39810
45,4022,Logging Equipment Operators,detail,25730,0.2,20.12,41840
39,4031,"Morticians, Undertakers, and Funeral Directors",detail,25740,0.2,27.7,57620
29,1066,Psychiatrists,detail,25630,0.2,105.95,220380
25,1124,"Foreign Language and Literature Teachers, Postsecondary",detail,25590,0.2,3.94,79160
53,6061,"Transportation Attendants, Except Flight Attendants",detail,25460,0.2,14.73,30640
51,4199,"Metal Workers and Plastic Workers, All Other",detail,25470,0.2,18.34,38140
51,4050,"Metal Furnace Operators, Tenders, Pourers, and Casters",broad,25520,0.2,19.79,41160
40848,,Advertising and Promotions Managers,detail,25260,0.2,63.99,133090
47,2161,Plasterers and Stucco Masons,detail,24870,0.2,22.89,47610
17,3012,Electrical and Electronics Drafters,detail,24900,0.2,30.96,64400
49,3043,Rail Car Repairers,detail,24720,0.2,26.93,56020
47,2132,"Insulation Workers, Mechanical",detail,24610,0.2,25.57,53180
37,3012,"Pesticide Handlers, Sprayers, and Applicators, Vegetation",detail,24500,0.2,18.37,38210
47,3011,"Helpers--Brickmasons, Blockmasons, Stonemasons, and Tile and Marble Setters",detail,24340,0.2,17.5,36390
51,9197,Tire Builders,detail,23920,0.2,21.89,45530
51,4012,"Computer Numerically Controlled Machine Tool Programmers, Metal and Plastic",detail,23770,0.2,27.07,56300
47,4031,Fence Erectors,detail,23530,0.2,18.1,37650
25,2051,"Special Education Teachers, Preschool",detail,23480,0.2,3.07,61610
53,7011,Conveyor Operators and Tenders,detail,23390,0.2,16.88,35110
25,1126,"Philosophy and Religion Teachers, Postsecondary",detail,23100,0.2,4.10,82420
49,2095,"Electrical and Electronics Repairers, Powerhouse, Substation, and Relay",detail,22980,0.2,38.48,80040
47,5040,Mining Machine Operators,broad,22910,0.2,25.53,53090
49,9011,Mechanical Door Repairers,detail,22670,0.2,20.84,43350
53,2021,Air Traffic Controllers,detail,22390,0.2,58.09,120830
49,3051,Motorboat Mechanics and Service Technicians,detail,22280,0.2,20.35,42330
19,1031,Conservation Scientists,detail,22200,0.2,31.4,65320
41,2012,Gaming Change Persons and Booth Cashiers,detail,22020,0.2,13.09,27220
45,1011,"First-Line Supervisors of Farming, Fishing, and Forestry Workers",detail,21800,0.2,24.42,50790
21,2021,"Directors, Religious Activities and Education",detail,21700,0.2,22.59,46980
25,1052,"Chemistry Teachers, Postsecondary",detail,21370,0.1,4.60,92360
19,4011,Agricultural and Food Science Technicians,detail,21290,0.1,21.24,44170
51,6063,"Textile Knitting and Weaving Machine Setters, Operators, and Tenders",detail,21190,0.1,14.65,30470
51,6052,"Tailors, Dressmakers, and Custom Sewers",detail,21150,0.1,16.5,34330
51,2091,Fiberglass Laminators and Fabricators,detail,21190,0.1,17.39,36170
27,4031,"Camera Operators, Television, Video, and Motion Picture",detail,21080,0.1,29.69,61750
51,3091,"Food and Tobacco Roasting, Baking, and Drying Machine Operators and Tenders",detail,21060,0.1,15.74,32730
49,9096,Riggers,detail,20970,0.1,24.68,51330
15,2011,Actuaries,detail,20760,0.1,55.89,116250
25,1125,"History Teachers, Postsecondary",detail,20510,0.1,4.18,83990
27,3099,"Media and Communication Workers, All Other",detail,20420,0.1,25.21,52430
39,5011,Barbers,detail,20130,0.1,15.97,33220
19,1022,Microbiologists,detail,20030,0.1,39.02,81150
19,2010,Astronomers and Physicists,broad,19770,0.1,59.48,123730
49,3022,Automotive Glass Installers and Repairers,detail,19640,0.1,17.49,36370
51,4191,"Heat Treating Equipment Setters, Operators, and Tenders, Metal and Plastic",detail,19690,0.1,18.77,39050
27,1022,Fashion Designers,detail,19750,0.1,42.12,87610
51,4035,"Milling and Planing Machine Setters, Operators, and Tenders, Metal and Plastic",detail,19440,0.1,21.39,44490
27,2023,"Umpires, Referees, and Other Sports Officials",detail,19090,0.1,1.81,36440
33,3011,Bailiffs,detail,18900,0.1,23.97,49870
17,2031,Biomedical Engineers,detail,18970,0.1,45.72,95090
29,1125,Recreational Therapists,detail,18840,0.1,24.34,50640
49,2091,Avionics Technicians,detail,18860,0.1,31.41,65330
29,2033,Nuclear Medicine Technologists,detail,18810,0.1,37.92,78870
27,4099,"Media and Communication Equipment Workers, All Other",detail,18790,0.1,37.06,77080
17,1012,Landscape Architects,detail,18660,0.1,35.17,73160
19,3011,Economists,detail,18650,0.1,55.78,116020
29,1064,Obstetricians and Gynecologists,detail,18590,0.1,114.58,238320
35,2019,"Cooks, All Other",detail,18570,0.1,14.6,30360
51,4022,"Forging Machine Setters, Operators, and Tenders, Metal and Plastic",detail,18330,0.1,19.6,40770
47,2171,Reinforcing Iron and Rebar Workers,detail,18360,0.1,26.28,54670
47,2082,Tapers,detail,18320,0.1,27.57,57340
47,5021,"Earth Drillers, Except Oil and Gas",detail,18270,0.1,22.87,47570
29,1124,Radiation Therapists,detail,18260,0.1,41.7,86730
51,6091,"Extruding and Forming Machine Setters, Operators, and Tenders, Synthetic and Glass Fibers",detail,18130,0.1,17.07,35500
29,9012,Occupational Health and Safety Technicians,detail,18020,0.1,26.57,55270
47,5012,"Rotary Drill Operators, Oil and Gas",detail,18010,0.1,27.28,56740
19,1023,Zoologists and Wildlife Biologists,detail,17860,0.1,32.58,67760
25,1069,"Social Sciences Teachers, Postsecondary, All Other",detail,17670,0.1,4.38,87950
39,3093,"Locker Room, Coatroom, and Dressing Room Attendants",detail,17610,0.1,12.84,26720
51,9192,"Cleaning, Washing, and Metal Pickling Equipment Operators and Tenders",detail,17630,0.1,15.91,33090
51,9051,"Furnace, Kiln, Oven, Drier, and Kettle Operators and Tenders",detail,17730,0.1,19.52,40610
51,4051,Metal-Refining Furnace Operators and Tenders,detail,17670,0.1,20.1,41810
19,2012,Physicists,detail,17620,0.1,60.23,125280
17,3025,Environmental Engineering Technicians,detail,17310,0.1,26.34,54800
19,2099,"Physical Scientists, All Other",detail,17380,0.1,52.93,110090
51,7021,Furniture Finishers,detail,17250,0.1,16.27,33850
25,1112,"Law Teachers, Postsecondary",detail,16990,0.1,6.51,130710
49,9094,Locksmiths and Safe Repairers,detail,16970,0.1,21.03,43740
51,9151,Photographic Process Workers and Processing Machine Operators,detail,16680,0.1,16.78,34910
25,1193,"Recreation and Fitness Studies Teachers, Postsecondary",detail,16490,0.1,3.60,72190
51,9191,Adhesive Bonding Machine Operators and Tenders,detail,16310,0.1,17.23,35850
23,1012,Judicial Law Clerks,detail,16350,0.1,28.63,59540
43,3041,Gaming Cage Workers,detail,16020,0.1,13.93,28980
25,1065,"Political Science Teachers, Postsecondary",detail,15890,0.1,4.95,99480
47,5081,Helpers--Extraction Workers,detail,15930,0.1,18.1,37660
19,4092,Forensic Science Technicians,detail,15970,0.1,30.05,62490
17,2161,Nuclear Engineers,detail,15980,0.1,53.26,110790
49,2092,"Electric Motor, Power Tool, and Related Repairers",detail,15800,0.1,22,45770
51,4071,Foundry Mold and Coremakers,detail,15600,0.1,17.7,36820
49,3092,Recreational Vehicle Service Technicians,detail,15560,0.1,19.28,40090
442614,,Compensation and Benefits Managers,detail,15660,0.1,63.87,132860
53,3011,"Ambulance Drivers and Attendants, Except Emergency Medical Technicians",detail,15380,0.1,13.95,29010
51,6099,"Textile, Apparel, and Furnishings Workers, All Other",detail,15360,0.1,14.94,31070
13,1032,"Insurance Appraisers, Auto Damage",detail,15200,0.1,31.5,65510
49,3052,Motorcycle Mechanics,detail,15090,0.1,18.87,39260
19,4041,Geological and Petroleum Technicians,detail,15060,0.1,30.23,62890
19,1013,Soil and Plant Scientists,detail,15010,0.1,33.96,70630
25,1111,"Criminal Justice and Law Enforcement Teachers, Postsecondary",detail,14890,0.1,3.61,72390
39,2011,Animal Trainers,detail,14830,0.1,16.95,35260
27,2030,Dancers and Choreographers,broad,14810,0.1,22.44,46670
47,5041,Continuous Mining Machine Operators,detail,14710,0.1,26.19,54470
13,1011,"Agents and Business Managers of Artists, Performers, and Athletes",detail,14830,0.1,43.72,90930
51,9082,Medical Appliance Technicians,detail,14670,0.1,20.28,42180
17,3019,"Drafters, All Other",detail,14580,0.1,26.08,54240
33,2020,Fire Inspectors,broad,14660,0.1,29.82,62030
51,8092,Gas Plant Operators,detail,14620,0.1,34.36,71470
37,3019,"Grounds Maintenance Workers, All Other",detail,14470,0.1,17.17,35710
47,4061,Rail-Track Laying and Maintenance Equipment Operators,detail,14410,0.1,27.46,57120
23,2091,Court Reporters,detail,14490,0.1,30,62390
53,4021,"Railroad Brake, Signal, and Switch Operators",detail,14270,0.1,28.31,58890
23,1021,"Administrative Law Judges, Adjudicators, and Hearing Officers",detail,14280,0.1,48.66,101210
47,2042,"Floor Layers, Except Carpet, Wood, and Hard Tiles",detail,14050,0.1,22.48,46760
25,1067,"Sociology Teachers, Postsecondary",detail,13870,0.1,4.15,83310
49,2021,"Radio, Cellular, and Tower Equipment Installers and Repairers",detail,13930,0.1,27.09,56340
47,2011,Boilermakers,detail,13870,0.1,30.41,63240
25,1054,"Physics Teachers, Postsecondary",detail,13730,0.1,5.17,103830
39,5093,Shampooers,detail,13720,0.1,10.65,22160
27,2099,"Entertainers and Performers, Sports and Related Workers, All Other",detail,13740,0.1,21.53,-4
2641374,,Postmasters and Mail Superintendents,detail,13770,0.1,37.04,77040
37,2019,"Building Cleaning Workers, All Other",detail,13650,0.1,15.73,32710
27,4014,Sound Engineering Technicians,detail,13510,0.1,30.53,63500
17,3024,Electro-Mechanical Technicians,detail,13520,0.1,28.96,60240
19,3039,"Psychologists, All Other",detail,13480,0.1,45.97,95610
51,6062,"Textile Cutting Machine Setters, Operators, and Tenders",detail,13310,0.1,14.16,29440
53,7073,Wellhead Pumpers,detail,13280,0.1,25.9,53870
19,1012,Food Scientists and Technologists,detail,13330,0.1,34.89,72570
29,1181,Audiologists,detail,13300,0.1,39.52,82210
25,4013,Museum Technicians and Conservators,detail,13100,0.1,22.53,46870
45,2011,Agricultural Inspectors,detail,13240,0.1,22.1,45970
25,1063,"Economics Teachers, Postsecondary",detail,12750,0.1,5.84,117180
25,1113,"Social Work Teachers, Postsecondary",detail,12620,0.1,3.86,77520
33,2021,Fire Inspectors and Investigators,detail,12530,0.1,30.84,64140
51,6040,Shoe and Leather Workers,broad,12450,0.1,14.37,29900
47,2022,Stonemasons,detail,12310,0.1,21.33,44370
25,4012,Curators,detail,12280,0.1,28.12,58490
51,8099,"Plant and System Operators, All Other",detail,12270,0.1,28.03,58300
49,3091,Bicycle Repairers,detail,12200,0.1,14.56,30290
51,9123,"Painting, Coating, and Decorating Workers",detail,12200,0.1,16.33,33960
51,2021,"Coil Winders, Tapers, and Finishers",detail,12190,0.1,17.6,36610
27,2041,Music Directors and Composers,detail,12160,0.1,28.75,59790
25,2023,"Career/Technical Education Teachers, Middle School",detail,11940,0.1,3.12,62570
33,9011,Animal Control Workers,detail,12080,0.1,18.51,38490
29,1129,"Therapists, All Other",detail,11950,0.1,27.73,57680
19,3022,Survey Researchers,detail,11690,0.1,30.4,63240
49,2093,"Electrical and Electronics Installers and Repairers, Transportation Equipment",detail,11680,0.1,29.55,61460
27,1013,"Fine Artists, Including Painters, Sculptors, and Illustrators",detail,11620,0.1,28.06,58370
51,8012,Power Distributors and Dispatchers,detail,11620,0.1,41.03,85340
51,4032,"Drilling and Boring Machine Tool Setters, Operators, and Tenders, Metal and Plastic",detail,11400,0.1,19.95,41490
47,5011,"Derrick Operators, Oil and Gas",detail,11310,0.1,22.9,47630
17,2121,Marine Engineers and Naval Architects,detail,11350,0.1,47.58,98970
39,3012,Gaming and Sports Book Writers and Runners,detail,11150,0.1,13.29,27640
25,1051,"Atmospheric, Earth, Marine, and Space Sciences Teachers, Postsecondary",detail,11020,0.1,5.07,101890
43,9111,Statistical Assistants,detail,11010,0.1,24.09,50110
49,9069,"Precision Instrument and Equipment Repairers, All Other",detail,10930,0.1,27.91,58060
17,1021,Cartographers and Photogrammetrists,detail,11050,0.1,32.86,68340
25,1041,"Agricultural Sciences Teachers, Postsecondary",detail,10810,0.1,4.53,90890
27,2021,Athletes and Sports Competitors,detail,10800,0.1,4.33,87030
49,2096,"Electronic Equipment Installers and Repairers, Motor Vehicles",detail,10880,0.1,17.67,36750
53,7072,"Pump Operators, Except Wellhead Pumpers",detail,10820,0.1,22.84,47510
43,9031,Desktop Publishers,detail,10740,0.1,22.47,46750
51,9031,"Cutters and Trimmers, Hand",detail,10580,0.1,15.19,31600
47,3014,"Helpers--Painters, Paperhangers, Plasterers, and Stucco Masons",detail,10600,0.1,15.25,31720
27,1027,Set and Exhibit Designers,detail,10590,0.1,29.34,61020
33,9031,Gaming Surveillance Officers and Gaming Investigators,detail,10230,0.1,17.41,36200
17,3021,Aerospace Engineering and Operations Technicians,detail,10110,0.1,33.16,68970
39,3019,"Gaming Service Workers, All Other",detail,9950,0.1,15.03,31260
53,2022,Airfield Operations Specialists,detail,9960,0.1,27.29,56760
25,1062,"Area, Ethnic, and Cultural Studies Teachers, Postsecondary",detail,9850,0.1,4.26,85450
43,9081,Proofreaders and Copy Markers,detail,9820,0.1,20.17,41950
27,2031,Dancers,detail,9720,0.1,20.7,-4
25,9011,Audio-Visual and Multimedia Collections Specialists,detail,9540,0.1,25.13,52270
2652332,,Emergency Management Directors,detail,9550,0.1,39.7,82570
29,1081,Podiatrists,detail,9500,0.1,71.26,148220
41,9091,"Door-to-Door Sales Workers, News and Street Vendors, and Related Workers",detail,9430,0.1,16.4,34120
51,6061,Textile Bleaching and Dyeing Machine Operators and Tenders,detail,9330,0.1,14.39,29930
19,2021,Atmospheric and Space Scientists,detail,9310,0.1,45.95,95580
29,2054,Respiratory Therapy Technicians,detail,9090,0.1,24.7,51380
53,7121,"Tank Car, Truck, and Ship Loaders",detail,9000,0.1,20.35,42330
47,2231,Solar Photovoltaic Installers,detail,8950,0.1,22.12,46010
53,1011,Aircraft Cargo Handling Supervisors,detail,8920,0.1,26.49,55110
51,9193,Cooling and Freezing Equipment Operators and Tenders,detail,8820,0.1,16.6,34520
53,4041,Subway and Streetcar Operators,detail,8850,0.1,30.28,62970
29,2091,Orthotists and Prosthetists,detail,8830,0.1,35.51,73860
51,6041,Shoe and Leather Workers and Repairers,detail,8640,0.1,14.33,29800
47,3016,Helpers--Roofers,detail,8630,0.1,15.26,31740
53,5031,Ship Engineers,detail,8740,0.1,36.4,75710
51,9194,Etchers and Engravers,detail,8600,0.1,16.61,34550
21,2099,"Religious Workers, All Other",detail,8460,0.1,17.24,35860
49,9063,Musical Instrument Repairers and Tuners,detail,8450,0.1,18.81,39110
27,1029,"Designers, All Other",detail,8450,0.1,32.99,68610
19,1032,Foresters,detail,8410,0.1,30.36,63150
2615808,,Funeral Service Managers,detail,8400,0.1,45.11,93820
33,3041,Parking Enforcement Workers,detail,8070,0.1,20.29,42200
51,4192,"Layout Workers, Metal and Plastic",detail,8170,0.1,22.78,47380
51,4060,"Model Makers and Patternmakers, Metal and Plastic",broad,8090,0.1,25.69,53430
25,9021,Farm and Home Management Advisors,detail,8020,0.1,25.33,52700
51,4052,"Pourers and Casters, Metal",detail,7850,0.1,19.07,39670
31,2012,Occupational Therapy Aides,detail,7700,0.1,15.66,32580
29,2092,Hearing Aid Specialists,detail,7680,0.1,26.75,55650
49,9097,Signal and Track Switch Repairers,detail,7730,0.1,32.6,67800
19,2032,Materials Scientists,detail,7730,0.1,49.25,102450
45,4011,Forest and Conservation Workers,detail,7510,0.1,15.06,31320
27,3012,Public Address System and Other Announcers,detail,7480,0.1,18.77,39040
53,6041,Traffic Technicians,detail,7290,0.1,24.38,50700
19,4051,Nuclear Technicians,detail,7230,0.1,38.45,79970
51,4194,"Tool Grinders, Filers, and Sharpeners",detail,7070,0.0,19.66,40890
19,1041,Epidemiologists,detail,7060,0.0,36.39,75690
25,1031,"Architecture Teachers, Postsecondary",detail,6880,0.0,4.95,99320
29,1128,Exercise Physiologists,detail,6740,0.0,26.33,54760
19,1099,"Life Scientists, All Other",detail,6850,0.0,42.86,89150
45,2099,"Agricultural Workers, All Other",detail,6600,0.0,16.51,34340
27,1019,"Artists and Related Workers, All Other",detail,6620,0.0,32.55,67700
39,3092,Costume Attendants,detail,6460,0.0,22.12,46010
25,4011,Archivists,detail,6370,0.0,27.12,56400
23,1022,"Arbitrators, Mediators, and Conciliators",detail,6240,0.0,34.98,72760
19,2043,Hydrologists,detail,6290,0.0,39.81,82790
51,8011,Nuclear Power Reactor Operators,detail,6280,0.0,45.82,95310
29,1161,Nurse Midwives,detail,6250,0.0,51.4,106910
25,1053,"Environmental Science Teachers, Postsecondary",detail,6040,0.0,4.55,91330
47,5099,"Extraction Workers, All Other",detail,6110,0.0,26.1,54300
33,3031,Fish and Game Wardens,detail,6040,0.0,28.49,59260
19,3091,Anthropologists and Archeologists,detail,6020,0.0,31.4,65310
25,1061,"Anthropology and Archeology Teachers, Postsecondary",detail,5890,0.0,4.69,94080
51,7099,"Woodworkers, All Other",detail,5970,0.0,16.6,34530
27,3021,Broadcast News Analysts,detail,5890,0.0,44.23,91990
17,2151,"Mining and Geological Engineers, Including Mining Safety Engineers",detail,5780,0.0,47.32,98420
47,5031,"Explosives Workers, Ordnance Handling Experts, and Blasters",detail,5640,0.0,25.38,52780
53,4013,"Rail Yard Engineers, Dinkey Operators, and Hostlers",detail,5690,0.0,26.27,54640
49,9081,Wind Turbine Service Technicians,detail,5580,0.0,27.88,58000
19,3094,Political Scientists,detail,5660,0.0,55.43,115300
39,3099,"Entertainment Attendants and Related Workers, All Other",detail,5480,0.0,14.27,29690
43,4021,Correspondence Clerks,detail,5460,0.0,18.75,38990
29,1023,Orthodontists,detail,5350,0.0,108.54,225760
51,6051,"Sewers, Hand",detail,5350,0.0,14.19,29510
43,2021,Telephone Operators,detail,5160,0.0,18.93,39360
51,6092,Fabric and Apparel Patternmakers,detail,5220,0.0,23.65,49180
51,4061,"Model Makers, Metal and Plastic",detail,5210,0.0,27.36,56920
27,2032,Choreographers,detail,5090,0.0,25.75,53560
47,5051,"Rock Splitters, Quarry",detail,4870,0.0,17.19,35760
47,5042,Mine Cutting and Channeling Machine Operators,detail,4920,0.0,23.59,49080
29,1022,Oral and Maxillofacial Surgeons,detail,4830,0.0,116.52,242370
39,3021,Motion Picture Projectionists,detail,4840,0.0,12.42,25820
2598276,,"Farmers, Ranchers, and Other Agricultural Managers",detail,4770,0.0,38.43,79940
25,1082,"Library Science Teachers, Postsecondary",detail,4650,0.0,3.76,75450
45,4021,Fallers,detail,4680,0.0,23.33,48520
47,2043,Floor Sanders and Finishers,detail,4460,0.0,19.18,39890
33,3052,Transit and Railroad Police,detail,4470,0.0,35.79,74450
29,1029,"Dentists, All Other Specialists",detail,4490,0.0,85.96,178800
2619460,,Gaming Managers,detail,4300,0.0,40.99,85260
39,4011,Embalmers,detail,4070,0.0,22.42,46640
25,1064,"Geography Teachers, Postsecondary",detail,3960,0.0,4.43,88950
27,1012,Craft Artists,detail,3980,0.0,19.47,40490
51,6042,Shoe Machine Operators and Tenders,detail,3810,0.0,14.47,30110
45,4029,"Logging Workers, All Other",detail,3670,0.0,19.68,40940
49,9061,Camera and Photographic Equipment Repairers,detail,3690,0.0,20.45,42540
47,2072,Pile-Driver Operators,detail,3450,0.0,30.94,64360
53,7071,Gas Compressor and Gas Pumping Station Operators,detail,3460,0.0,30.24,62900
41,9012,Models,detail,3310,0.0,15.18,31570
45,4023,Log Graders and Scalers,detail,3330,0.0,18.78,39060
49,9092,Commercial Divers,detail,3380,0.0,28.59,59470
47,5049,"Mining Machine Operators, All Other",detail,3280,0.0,25.44,52920
53,7041,Hoist and Winch Operators,detail,3180,0.0,27.11,56390
53,6011,Bridge and Lock Tenders,detail,3170,0.0,22.91,47660
47,5061,"Roof Bolters, Mining",detail,3250,0.0,28.41,59090
39,5091,"Makeup Artists, Theatrical and Performance",detail,3140,0.0,34.63,72030
19,3093,Historians,detail,3040,0.0,31.91,66380
49,9095,Manufactured Building and Mobile Home Installers,detail,2920,0.0,15.82,32910
51,4062,"Patternmakers, Metal and Plastic",detail,2880,0.0,22.66,47130
53,4099,"Rail Transportation Workers, All Other",detail,2890,0.0,28.12,58490
47,2142,Paperhangers,detail,2780,0.0,19.64,40840
47,2053,Terrazzo Workers and Finishers,detail,2730,0.0,22.71,47230
19,3041,Sociologists,detail,2710,0.0,43.41,90290
49,9064,Watch Repairers,detail,2610,0.0,21.55,44830
19,1011,Animal Scientists,detail,2530,0.0,32.54,67690
29,9092,Genetic Counselors,detail,2640,0.0,38.88,80860
15,2021,Mathematicians,detail,2580,0.0,50.42,104870
53,5022,Motorboat Operators,detail,2510,0.0,24.21,50350
53,7033,"Loading Machine Operators, Underground Mining",detail,2500,0.0,24.73,51450
45,2021,Animal Breeders,detail,2160,0.0,20.71,43080
33,2022,Forest Fire Inspectors and Prevention Specialists,detail,2130,0.0,23.85,49610
43,2099,"Communications Equipment Operators, All Other",detail,2100,0.0,20.87,43410
19,2011,Astronomers,detail,2160,0.0,53.41,111090
25,1043,"Forestry and Conservation Science Teachers, Postsecondary",detail,2070,0.0,4.61,92550
25,1192,"Home Economics Teachers, Postsecondary",detail,2080,0.0,3.84,77170
15,2090,Miscellaneous Mathematical Science Occupations,broad,2010,0.0,34.8,72390
53,7111,Mine Shuttle Car Operators,detail,1690,0.0,26.99,56150
17,2021,Agricultural Engineers,detail,1630,0.0,38.03,79090
19,3092,Geographers,detail,1390,0.0,38.72,80530
51,7030,"Model Makers and Patternmakers, Wood",broad,1280,0.0,26.7,55540
53,7031,Dredge Operators,detail,1190,0.0,22.84,47500
49,9045,"Refractory Materials Repairers, Except Brickmasons",detail,1120,0.0,25.24,52510
27,4013,Radio Operators,detail,870,0.0,21.49,44710
51,2093,Timing Device Assemblers and Adjusters,detail,780,0.0,18.01,37460
51,7031,"Model Makers, Wood",detail,740,0.0,25.29,52590
19,3032,Industrial-Organizational Psychologists,detail,780,0.0,52.42,109030
51,7032,"Patternmakers, Wood",detail,530,0.0,28.68,59650
53,4012,Locomotive Firers,detail,560,0.0,33.19,69030
49,9093,"Fabric Menders, Except Garment",detail,400,0.0,16.13,33550
35,2013,"Cooks, Private Household",detail,460,0.0,19.83,41240
29,1024,Prosthodontists,detail,380,0.0,92.02,191400
13,1074,Farm Labor Contractors,detail,200,0.0,25.45,52930
