PROPERTY TYPE,ADDRESS,CITY,STATE OR PROVINCE,ZIP OR POSTAL CODE,PRICE,BEDS,BATHS,LOCATION,SQUARE FEET,LOT SIZE,YEAR BUILT,DAYS ON MARKET,$/SQUARE FEET,HOA/MONTH,STATUS,NEXT OPEN HOUSE START TIME,NEXT OPEN HOUSE END TIME,URL,SOURCE,MLS#,FAVORITE,INTERESTED,LATITUDE,LONGITUDE
Vacant Land,6431 Churchill Way,Dallas,TX,75230,650000,0,,C P Nevill 01,,19166,,1,,,Active,,,http://www.redfin.com/TX/Dallas/6431-Churchill-Way-75230/home/31018636,NTREIS,14227310,N,Y,32.917304,-96.7944324
Single Family Residential,430 Valencia St,Dallas,TX,75223,495000,2,2.0,Hollywood Add,1541,6708,1930,1,321,5,Active,November-24-2019 01:00 PM,November-24-2019 03:00 PM,http://www.redfin.com/TX/Dallas/430-Valencia-St-75223/home/30812697,NTREIS,14225020,N,Y,32.8048281,-96.7459056
Single Family Residential,5807 Ellsworth Ave,Dallas,TX,75206,555000,3,2.0,Stonewall Terrace,1823,6665,1940,6,304,,Active,November-30-2019 12:00 PM,November-30-2019 02:00 PM,http://www.redfin.com/TX/Dallas/5807-Ellsworth-Ave-75206/home/30821565,NTREIS,14225326,N,Y,32.8341882,-96.7675695
Single Family Residential,9008 Crown Point Cir,Irving,TX,75063,415000,3,2.5,Lakeside Village Ph 02,2230,5009,1995,8,186,88,Active,,,http://www.redfin.com/TX/Irving/9008-Crown-Point-Cir-75063/home/31689871,NTREIS,14224125,N,Y,32.9311252,-96.9439573
Single Family Residential,3453 Livingston Ln,Carrollton,TX,75007,250000,3,2.0,Countryside Sec 1,1900,7797,1978,12,132,,Active,,,http://www.redfin.com/TX/Carrollton/3453-Livingston-Ln-75007/home/32955085,NTREIS,14223252,N,Y,33.01129,-96.8682932
Condo/Co-op,2304 N Garrett Ave #3,Dallas,TX,75206,379000,2,2.5,Bowles VS,1375,8494,2016,15,276,150,Active,,,http://www.redfin.com/TX/Dallas/2304-N-Garrett-Ave-75206/unit-3/home/108585174,NTREIS,14220882,N,Y,32.8125701,-96.7794403
Townhouse,8337 Oxalis Ln,Dallas,TX,75252,385000,3,2.5,University Place Add Ph 1,1932,3267,2018,15,199,205,Active,,,http://www.redfin.com/TX/Dallas/8337-Oxalis-Ln-75252/home/147603873,NTREIS,14220791,N,Y,32.994031,-96.758948
Single Family Residential,7446 La Sobrina Dr,Dallas,TX,75248,365000,4,2.0,Prestonwood 03,2016,9453,1971,18,181,,Active,,,http://www.redfin.com/TX/Dallas/7446-La-Sobrina-Dr-75248/home/31079141,NTREIS,14219885,N,Y,32.9684715,-96.7788043
Single Family Residential,10802 Wallbrook Dr,Dallas,TX,75238,359900,3,2.0,Kingsley Meadows,1895,11631,1974,18,190,,Active,November-19-2019 08:00 AM,November-19-2019 08:00 PM,http://www.redfin.com/TX/Dallas/10802-Wallbrook-Dr-75238/home/31022062,NTREIS,14219230,N,Y,32.8765757,-96.6978369
Single Family Residential,819 Woodlawn Ave,Dallas,TX,75208,470000,3,2.0,Brown L G,1989,6752,1922,18,236,,Active,,,http://www.redfin.com/TX/Dallas/819-Woodlawn-Ave-75208/home/30829323,NTREIS,14204476,N,Y,32.7529303,-96.8305987
Single Family Residential,5844 Anita St,Dallas,TX,75206,499000,2,2.0,Stonewall Terrace,1612,6665,1940,25,310,,Active,,,http://www.redfin.com/TX/Dallas/5844-Anita-St-75206/home/30821581,NTREIS,14215342,N,Y,32.8345007,-96.7658516
Single Family Residential,1830 Berkley Ave,Dallas,TX,75224,200000,2,1.0,Elmwood Add,1312,7013,1950,27,152,,Active,,,http://www.redfin.com/TX/Dallas/1830-Berkley-Ave-75224/home/30849924,NTREIS,14204611,N,Y,32.7240324,-96.850951
Condo/Co-op,17490 Meandering Way #1803,Dallas,TX,75252,214999,2,2.5,Willow Greene,1193,494406,1983,29,180,345,Active,,,http://www.redfin.com/TX/Dallas/17490-Meandering-Way-75252/unit-1803/home/32186131,NTREIS,14208101,N,Y,32.9910582,-96.7770701
Single Family Residential,9923 Windledge Dr,Dallas,TX,75238,479900,4,2.0,Lake North Estates,2352,9060,1963,32,204,,Active,,,http://www.redfin.com/TX/Dallas/9923-Windledge-Dr-75238/home/31061928,NTREIS,14210420,N,Y,32.884516,-96.7149292
Single Family Residential,9526 Moss Haven Dr,Dallas,TX,75231,689000,4,4.5,Oak Highlands Estates,3663,13591,1981,33,188,,Active,,,http://www.redfin.com/TX/Dallas/9526-Moss-Haven-Dr-75231/home/31069751,NTREIS,14196266,N,Y,32.8891065,-96.7424122
Condo/Co-op,1122 Jackson St #319,Dallas,TX,75202,200000,1,1.0,Soco Urban Loft Condo,944,42863,1925,34,212,371,Active,,,http://www.redfin.com/TX/Dallas/1122-Jackson-St-75202/unit-319/home/30761710,NTREIS,14198844,N,Y,32.7782672,-96.8024429
Single Family Residential,2345 Dorrington Dr,Dallas,TX,75228,315000,3,2.0,Claremont 05 Inst,1652,10062,1959,36,191,,Active,,,http://www.redfin.com/TX/Dallas/2345-Dorrington-Dr-75228/home/30968011,NTREIS,14206039,N,Y,32.8055,-96.7068004
Single Family Residential,17007 Windward Ln,Addison,TX,75001,295000,2,2.0,Addison Place Rev,1770,2614,1992,39,167,100,Active,,,http://www.redfin.com/TX/Addison/17007-Windward-Ln-75001/home/31193692,NTREIS,14198853,N,Y,32.9836448,-96.8356966
Condo/Co-op,6333 Richmond Ave Unit F,Dallas,TX,75214,410000,2,2.5,Richmond At Lakewood Condos,1888,12632,2006,40,217,320,Active,,,http://www.redfin.com/TX/Dallas/6333-Richmond-Ave-75214/unit-F/home/30810196,NTREIS,14198848,N,Y,32.8164441,-96.7545389
Single Family Residential,3979 Park Ln,Dallas,TX,75220,825000,4,4.0,Glenridge Estates,3350,7492,2017,40,246,,Active,,,http://www.redfin.com/TX/Dallas/3979-Park-Ln-75220/home/30911018,NTREIS,14194232,N,Y,32.8755137,-96.8470139
Multi-Family (2-4 Unit),521 Melba St,Dallas,TX,75208,350000,4,,Dallas Land & Loan 02,2368,6316,1945,43,148,,Active,,,http://www.redfin.com/TX/Dallas/521-Melba-St-75208/home/30826317,NTREIS,14195414,N,Y,32.7474328,-96.8312108
Single Family Residential,7569 Benedict Dr,Dallas,TX,75214,2250000,4,3.0,Cloisters,3948,14898,1972,46,570,33,Active,,,http://www.redfin.com/TX/Dallas/7569-Benedict-Dr-75214/home/30845510,NTREIS,14196159,N,Y,32.8492154,-96.7308764
Single Family Residential,3977 Cedar Bayou Dr,Dallas,TX,75244,463000,4,2.5,Glen Cove,2535,11326,1963,47,183,,Active,November-19-2019 08:00 AM,November-19-2019 08:00 PM,http://www.redfin.com/TX/Dallas/3977-Cedar-Bayou-Dr-75244/home/30927996,NTREIS,14193628,N,Y,32.9148894,-96.8471188
Townhouse,1429 Caddo St Unit C,Dallas,TX,75204,358900,2,2.0,Caddo Street Twnhms,1974,1525,2004,48,182,75,Active,,,http://www.redfin.com/TX/Dallas/1429-Caddo-St-75204/unit-C/home/30739558,NTREIS,14191559,N,Y,32.7967258,-96.783326
Single Family Residential,114 N Cottonwood Dr,Richardson,TX,75080,289900,3,2.0,Richardson Heights 10 Sec 01,1374,8015,1961,60,211,,Active,November-19-2019 08:00 AM,November-19-2019 08:00 PM,http://www.redfin.com/TX/Richardson/114-N-Cottonwood-Dr-75080/home/31961554,NTREIS,14183251,N,Y,32.9526851,-96.7657732
Single Family Residential,6314 Lavendale Ave,Dallas,TX,75230,1950000,5,6.0,Preston Royal 02,5877,15899,2007,61,332,,Active,,,http://www.redfin.com/TX/Dallas/6314-Lavendale-Ave-75230/home/30876672,NTREIS,14183296,N,Y,32.8955879,-96.7976296
Single Family Residential,1843 Euclid Ave,Dallas,TX,75206,779000,3,2.5,Levingston Place,2721,3877,2017,63,286,,Active,,,http://www.redfin.com/TX/Dallas/1843-Euclid-Ave-75206/home/146120844,NTREIS,14184432,N,Y,32.812689,-96.7738259
Townhouse,7407 Coronado Way,Dallas,TX,75214,379900,2,2.5,Sjb Add,2502,1263,2008,68,152,50,Active,,,http://www.redfin.com/TX/Dallas/7407-Coronado-Way-75214/home/30781061,NTREIS,14182039,N,Y,32.8082459,-96.730715
Single Family Residential,2315 Blyth Dr,Dallas,TX,75228,169999,3,1.0,Casa Terrace,1182,7318,1955,68,144,,Active,,,http://www.redfin.com/TX/Dallas/2315-Blyth-Dr-75228/home/31007823,NTREIS,14169786,N,Y,32.813517,-96.6762377
Single Family Residential,3543 Northaven Rd,Dallas,TX,75229,329999,3,2.5,Kenilworth Estates,1857,13634,1960,75,178,,Active,,,http://www.redfin.com/TX/Dallas/3543-Northaven-Rd-75229/home/30931701,NTREIS,14177550,N,Y,32.9025709,-96.8587781
Condo/Co-op,3919 Holland Ave #203,Dallas,TX,75219,234900,2,2.5,Almaden Condo,1035,15987,1971,77,227,290,Active,,,http://www.redfin.com/TX/Dallas/3919-Holland-Ave-75219/unit-203/home/30799916,NTREIS,14176417,N,Y,32.8144509,-96.8051
Single Family Residential,2447 Telegraph Ave,Dallas,TX,75228,315000,3,2.0,Claremont 01 Inst,1548,12110,1958,81,203,,Active,,,http://www.redfin.com/TX/Dallas/2447-Telegraph-Ave-75228/home/30967411,NTREIS,14173705,N,Y,32.8019385,-96.7065287
Condo/Co-op,3102 Kings Rd #1208,Dallas,TX,75219,222000,2,2.0,Piazza Siena Condo,1036,87033,2001,90,214,444,Active,,,http://www.redfin.com/TX/Dallas/3102-Kings-Rd-75219/unit-1208/home/30780937,NTREIS,14164869,N,Y,32.8183615,-96.8199868
Townhouse,1614 Jensen Ct,Dallas,TX,75204,369900,3,3.5,San Jacinto Lofts 02,1785,1263,2007,96,207,99,Active,,,http://www.redfin.com/TX/Dallas/1614-Jensen-Ct-75204/home/30773761,NTREIS,14157831,N,Y,32.7984878,-96.7840066
Single Family Residential,8607 Lohr Valley Rd,Irving,TX,75063,480000,4,3.0,Emerald Valley 01,3225,5053,2007,104,149,80,Active,,,http://www.redfin.com/TX/Irving/8607-Lohr-Valley-Rd-75063/home/30768700,NTREIS,14153021,N,Y,32.9224012,-96.9716037
Single Family Residential,1806 Lake Breeze Dr,Rockwall,TX,75087,355000,4,3.5,Hillcrest Shores,3345,9191,1994,117,106,,Active,,,http://www.redfin.com/TX/Rockwall/1806-Lake-Breeze-Dr-75087/home/33932659,NTREIS,14144266,N,Y,32.9391684,-96.480444
Single Family Residential,3436 Lark Meadow Way,Dallas,TX,75287,324900,3,2.5,Meadow Glen,2492,5445,1994,117,130,4,Active,,,http://www.redfin.com/TX/Dallas/3436-Lark-Meadow-Way-75287/home/32829482,NTREIS,14146076,N,Y,32.9905127,-96.8593796
Single Family Residential,3306 Jubilee Trl,Dallas,TX,75229,389000,4,2.5,Kenilworth Estates,2372,11064,1964,124,164,,Active,,,http://www.redfin.com/TX/Dallas/3306-Jubilee-Trl-75229/home/30931615,NTREIS,14138054,N,Y,32.8997763,-96.8657279
Single Family Residential,1014 N Clinton Ave,Dallas,TX,75208,609900,3,3.0,Kessler Square,3317,8015,1928,133,184,,Active,,,http://www.redfin.com/TX/Dallas/1014-N-Clinton-Ave-75208/home/30836186,NTREIS,14133629,N,Y,32.7559496,-96.8411902
Single Family Residential,6546 Kingsbury Dr,Dallas,TX,75231,370000,3,2.0,Merriman Park Add,1618,8973,1961,139,229,,Active,,,http://www.redfin.com/TX/Dallas/6546-Kingsbury-Dr-75231/home/30870821,NTREIS,14119436,N,Y,32.8564594,-96.7433158
Single Family Residential,1039 Gallivant Ln,Dallas,TX,75218,430000,3,2.5,PS W Emerald,1665,2526,2017,145,258,163,Active,,,http://www.redfin.com/TX/Dallas/1039-Gallivant-Ln-75218/home/110137068,NTREIS,14115138,N,Y,32.8289358,-96.7103318
Condo/Co-op,3208 Cole Ave #2303,Dallas,TX,75204,289000,2,2.0,Uptown,1214,61768,1984,153,238,404,Active,,,http://www.redfin.com/TX/Dallas/3208-Cole-Ave-75204/unit-2303/home/31162599,NTREIS,14113090,N,Y,32.8035583,-96.8011197
Single Family Residential,9671 Lynbrook Dr,Dallas,TX,75238,239000,3,2.0,Lake Highlands Estates,1474,9322,1959,166,162,,Active,,,http://www.redfin.com/TX/Dallas/9671-Lynbrook-Dr-75238/home/31030749,NTREIS,14100764,N,Y,32.878777,-96.7046273
Condo/Co-op,10100 Regal Park Ln #122,Dallas,TX,75230,195000,2,2.0,Ambassador House Condos,1421,100014,1963,181,137,656,Active,,,http://www.redfin.com/TX/Dallas/10100-Regal-Park-Ln-75230/unit-122/home/30998539,NTREIS,14096853,N,Y,32.884656,-96.7721857
Single Family Residential,6923 Chackbay Ln,Dallas,TX,75227,355000,4,3.5,Enclave at Grove Hill,3428,7492,2003,188,104,53,Active,,,http://www.redfin.com/TX/Dallas/6923-Chackbay-Ln-75227/home/30740519,NTREIS,14091217,N,Y,32.788901,-96.715975
Single Family Residential,9317 Midway Rd,Dallas,TX,75220,1675000,5,4.0,Cochran Heights Add 02,4357,24306,2015,300,384,,Active,,,http://www.redfin.com/TX/Dallas/9317-Midway-Rd-75220/home/30855886,NTREIS,13999995,N,Y,32.8659783,-96.8379295
Single Family Residential,9815 Windledge Dr,Dallas,TX,75238,479000,4,2.0,Dallas,2401,8712,1963,1,200,,Pre On-Market,,,http://www.redfin.com/TX/Dallas/9815-Windledge-Dr-75238/home/31062039,Coming Soon,46818,N,Y,32.8848355,-96.7171444
Single Family Residential,1419 Santa Fe Trl,Irving,TX,75063,420000,4,3.0,Irving,2709,6882,1997,1,155,45,Pre On-Market,,,http://www.redfin.com/TX/Irving/1419-Santa-Fe-Trl-75063/home/31765903,Coming Soon,46807,N,Y,32.9348237,-96.9664427
Single Family Residential,2920 St David Dr,Dallas,TX,75233,265000,4,2.0,Dallas,2441,14915,2006,4,109,,Pre On-Market,,,http://www.redfin.com/TX/Dallas/2920-St-David-Dr-75233/home/30763092,Coming Soon,46753,N,Y,32.7117937,-96.8700109
Condo/Co-op,3110 Thomas Ave #309,Dallas,TX,75204,290000,1,1.5,Dallas,914,,,4,317,,Pre On-Market,,,http://www.redfin.com/TX/Dallas/3110-Thomas-Ave-75204/unit-309/home/30762011,Coming Soon,46751,N,Y,32.798157,-96.7950576
Condo/Co-op,9737 Whitehurst Dr #28,Dallas,TX,75243,98940,2,2.0,Twin Oaks Collection Condos,990,96093,1983,1,100,275,Active,,,http://www.redfin.com/TX/Dallas/9737-Whitehurst-Dr-75243/unit-28/home/31188945,NTREIS,14222913,N,Y,32.9013071,-96.7273321
Single Family Residential,5409 Preston Haven Dr,Dallas,TX,75229,1539000,5,7.0,Inwood Road Estates,6283,16030,2018,1,245,,Active,,,http://www.redfin.com/TX/Dallas/5409-Preston-Haven-Dr-75229/home/30926329,NTREIS,14229181,N,Y,32.9066476,-96.8154791
Single Family Residential,8158 Reva St,Dallas,TX,75227,160000,3,1.0,Gertie Andrews Add,1256,8886,1956,1,127,,Active,,,http://www.redfin.com/TX/Dallas/8158-Reva-St-75227/home/30913486,NTREIS,14219186,N,Y,32.7560391,-96.6802791
Vacant Land,7121 Spring Valley Rd,Dallas,TX,75254,695000,0,,Northwood Hills 01 Rev,,65166,1963,1,,,Active,,,http://www.redfin.com/TX/Dallas/7121-Spring-Valley-Rd-75254/home/31016050,NTREIS,14227070,N,Y,32.9412777,-96.7806242
Single Family Residential,624 Cedar Hill Ave,Dallas,TX,75208,399000,3,2.0,Brown L G,1614,7492,1950,1,247,,Active,,,http://www.redfin.com/TX/Dallas/624-Cedar-Hill-Ave-75208/home/30829966,NTREIS,14224400,N,Y,32.7503901,-96.8313152
Single Family Residential,4802 W Amherst Ave,Dallas,TX,75209,1449000,4,4.5,Rector Place Add,4128,7449,2013,1,351,,Active,November-24-2019 01:00 PM,November-24-2019 03:00 PM,http://www.redfin.com/TX/Dallas/4802-W-Amherst-Ave-75209/home/30854050,NTREIS,14230039,N,Y,32.8520235,-96.827584
Single Family Residential,8617 San Souci,Dallas,TX,75238,425000,3,2.0,Kelman Heights,1709,8581,1960,1,249,,Active,,,http://www.redfin.com/TX/Dallas/8617-San-Souci-Dr-75238/home/30971688,NTREIS,14227901,N,Y,32.8664432,-96.7069049
Condo/Co-op,9737 Whitehurst Dr #29,Dallas,TX,75243,97411,2,2.0,Twin Oaks Collection Condos,975,96093,1983,1,100,271,Active,,,http://www.redfin.com/TX/Dallas/9737-Whitehurst-Dr-75243/unit-29/home/31188948,NTREIS,14223801,N,Y,32.9013071,-96.7273321
Single Family Residential,8621 Wingate Dr,Dallas,TX,75209,695000,2,2.0,Lakemont,1464,18295,1941,1,475,,Active,,,http://www.redfin.com/TX/Dallas/8621-Wingate-Dr-75209/home/30855945,NTREIS,14230128,N,Y,32.8565243,-96.8447137
Condo/Co-op,9737 Whitehurst Dr #43,Dallas,TX,75243,57289,1,1.0,Twin Oaks Collection Condos,573,96093,1983,1,100,157,Active,,,http://www.redfin.com/TX/Dallas/9737-Whitehurst-Dr-75243/unit-43/home/31188961,NTREIS,14223754,N,Y,32.9013658,-96.7253341
Condo/Co-op,7705 Meadow Park Dr #110,Dallas,TX,75230,192000,2,2.0,Belle Meadow Condo,1135,131900,1963,1,169,527,Active,,,http://www.redfin.com/TX/Dallas/7705C-Meadow-Park-Dr-75230/unit-110/home/30998782,NTREIS,14229956,N,Y,32.8855767,-96.7749383
Single Family Residential,571 Bondstone Dr,Dallas,TX,75218,489000,4,2.0,Lake Highlands Estates,1660,9104,1952,1,295,,Active,,,http://www.redfin.com/TX/Dallas/571-Bondstone-Dr-75218/home/30908941,NTREIS,14229892,N,Y,32.8537289,-96.7060273
Single Family Residential,637 Tiffany Trl,Richardson,TX,75081,389000,3,3.0,Richland Park East 02 Sec Rev,2578,9017,1976,1,151,,Active,,,http://www.redfin.com/TX/Richardson/637-Tiffany-Trl-75081/home/31975089,NTREIS,14229298,N,Y,32.9296057,-96.7196732
Condo/Co-op,1200 Main St #1105,Dallas,TX,75202,233800,1,1.0,Metropolitan 1200 Main St Condo,757,44997,1974,1,309,305,Active,,,http://www.redfin.com/TX/Dallas/1200-Main-St-75202/unit-1105/home/30776240,NTREIS,14226532,N,Y,32.7800768,-96.8011677
Single Family Residential,5315 Ambergate Ln,Dallas,TX,75287,1056500,5,5.5,Oaktree #4,5206,13504,1996,1,203,129,Active,November-21-2019 06:00 PM,November-21-2019 07:00 PM,http://www.redfin.com/TX/Dallas/5315-Ambergate-Ln-75287/home/32237579,NTREIS,14224880,N,Y,32.9999652,-96.8169084
Single Family Residential,8650 Ballifeary Pl,Dallas,TX,75238,580000,3,2.5,Villas Lk Hlnds 2 Add,2995,3093,2015,1,194,121,Active,,,http://www.redfin.com/TX/Dallas/8650-Ballifeary-Pl-75238/home/91493871,NTREIS,14229954,N,Y,32.8663647,-96.7026423
Single Family Residential,7733 Tillman St,Dallas,TX,75217,135000,3,1.5,Bruton Terrace,1170,8059,1954,1,115,,Active,,,http://www.redfin.com/TX/Dallas/7733-Tillman-St-75217/home/30915630,NTREIS,14227419,N,Y,32.7447375,-96.6894804
Single Family Residential,14157 Stallion Ridge Dr,Dallas,TX,75253,199900,3,2.0,Shady Oaks Estates,1591,6011,2018,1,126,25,Active,,,http://www.redfin.com/TX/Dallas/14157-Stallion-Ridge-Dr-75253/home/169392182,NTREIS,14229876,N,Y,32.6771752,-96.589322
Single Family Residential,9117 Bretshire Dr,Dallas,TX,75228,375000,3,2.0,Eastwood 01,1931,8930,1963,1,194,,Active,,,http://www.redfin.com/TX/Dallas/9117-Bretshire-Dr-75228/home/31012662,NTREIS,14229492,N,Y,32.8117758,-96.6932407
Townhouse,1529 Fiji St,Dallas,TX,75203,269900,3,2.5,Sphinx at Fiji Phase 2,1468,2091,2017,1,184,68,Active,,,http://www.redfin.com/TX/Dallas/1529-Fiji-St-75203/home/59420410,NTREIS,14229482,N,Y,32.745069,-96.801363
Single Family Residential,5834 Macgregor Dr,Garland,TX,75043,320000,4,2.5,Lyons Crest Estates,2502,8581,2017,1,128,,Active,November-24-2019 01:00 PM,November-24-2019 03:00 PM,http://www.redfin.com/TX/Garland/5834-MacGregor-Dr-75043/home/31419822,NTREIS,14218644,N,Y,32.8349685,-96.565932
Single Family Residential,6346 Sudbury Dr,Dallas,TX,75214,415000,3,2.0,Caruth Terrace,1332,8407,1952,1,312,,Active,,,http://www.redfin.com/TX/Dallas/6346-Sudbury-Dr-75214/home/30822710,NTREIS,14229043,N,Y,32.8390028,-96.7531389
Vacant Land,3800 Spring Ave,Dallas,TX,75210,40000,0,,Cb 1830,,6316,,1,,,Active,,,http://www.redfin.com/TX/Dallas/3800-Spring-Ave-75210/home/30804763,NTREIS,14229881,N,Y,32.7691,-96.748176
Condo/Co-op,4816 Amesbury Dr #227,Dallas,TX,75206,242000,2,2.0,University Place Condo,1290,187003,1963,1,188,329,Active,November-24-2019 01:00 PM,November-24-2019 03:00 PM,http://www.redfin.com/TX/Dallas/4816-Amesbury-Dr-75206/unit-227/home/30867760,NTREIS,14229122,N,Y,32.8456082,-96.7631766
Single Family Residential,2414 Maverick Ave,Dallas,TX,75228,215000,4,2.5,Cloverdale 01,2584,12458,1954,1,83,,Active,,,http://www.redfin.com/TX/Dallas/2414-Maverick-Ave-75228/home/31001266,NTREIS,14229233,N,Y,32.8208802,-96.6747339
Single Family Residential,702 Ella Ave,Dallas,TX,75217,90000,3,1.0,Home Gardens,1376,6970,1956,1,65,,Active,,,http://www.redfin.com/TX/Dallas/702-Ella-Ave-75217/home/30918635,NTREIS,14229854,N,Y,32.7245967,-96.7138843
Single Family Residential,5614 Mercedes Ave,Dallas,TX,75206,720000,4,3.0,Greenland Hills Sec,2343,7797,1926,1,307,,Active,,,http://www.redfin.com/TX/Dallas/5614-Mercedes-Ave-75206/home/30812195,NTREIS,14227113,N,Y,32.8279911,-96.7715183
Single Family Residential,15512 Leavalley Cir,Dallas,TX,75248,445000,3,2.0,Prestonwood,2150,7449,1971,1,207,71,Active,,,http://www.redfin.com/TX/Dallas/15512-Leavalley-Cir-75248/home/31077831,NTREIS,14227111,N,Y,32.9599905,-96.7797038
Single Family Residential,2423 Romine,Dallas,TX,75215,85000,2,1.0,Pettons,1170,4792,1936,1,73,,Active,,,http://www.redfin.com/TX/Dallas/2423-Romine-Ave-75215/home/30802895,NTREIS,14229764,N,Y,32.7592983,-96.7649808
Condo/Co-op,5016 Bryan St #105,Dallas,TX,75206,359000,2,2.5,College Hill,1529,7710,2019,1,235,195,Active,,,http://www.redfin.com/TX/Dallas/5016-Bryan-St-75206/unit-105/home/166861606,NTREIS,14229736,N,Y,32.804999,-96.7715939
Single Family Residential,5807 Regatta Cir,Dallas,TX,75232,185000,3,2.0,England Estates,1242,15507,1982,1,149,,Active,,,http://www.redfin.com/TX/Dallas/5807-Regatta-Cir-75232/home/30954835,NTREIS,14228337,N,Y,32.6763407,-96.8445431
Single Family Residential,6938 Winchester St,Dallas,TX,75231,359000,2,2.0,Merriman Park,1472,9932,1956,1,244,,Active,,,http://www.redfin.com/TX/Dallas/6938-Winchester-St-75231/home/30870961,NTREIS,14229671,N,Y,32.8608581,-96.7420089
Single Family Residential,7054 Freemont St,Dallas,TX,75231,449990,3,2.0,Merriman Park,1900,8886,1960,1,237,,Active,,,http://www.redfin.com/TX/Dallas/7054-Freemont-St-75231/home/30870666,NTREIS,14229543,N,Y,32.8612603,-96.7384856
Vacant Land,1136 Betterton Cir,Dallas,TX,75203,35000,0,,North Oak Cliff,,4487,,1,,,Active,,,http://www.redfin.com/TX/Dallas/1136-Betterton-Cir-75203/home/30826250,NTREIS,14227400,N,Y,32.747252,-96.807252
Single Family Residential,3121 Greenbrier Dr,University Park,TX,75225,3750000,5,6.0,Caruth Hills 02,6878,11195,2020,1,545,,Active,,,http://www.redfin.com/TX/Dallas/3121-Greenbrier-Dr-75225/home/32055118,NTREIS,14222348,N,Y,32.8578114,-96.7816283
Single Family Residential,1132 S Marlborough Ave,Dallas,TX,75208,339900,3,2.0,Sunset Annex,1318,7754,1925,1,258,,Active,,,http://www.redfin.com/TX/Dallas/1132-S-Marlborough-Ave-75208/home/30832962,NTREIS,14223551,N,Y,32.7338085,-96.8514205
Single Family Residential,8581 Hanford Dr,Dallas,TX,75243,240000,4,2.0,Northwood Estates,1811,10149,1970,1,133,,Active,,,http://www.redfin.com/TX/Dallas/8581-Hanford-Dr-75243/home/31028485,NTREIS,14229526,N,Y,32.9033555,-96.7566509
Single Family Residential,4333 Boca Bay Dr,Dallas,TX,75244,724900,4,3.5,Forest Glen Add 4th Sec,3415,13504,1969,1,212,,Active,November-24-2019 03:00 PM,November-24-2019 05:00 PM,http://www.redfin.com/TX/Dallas/4333-Boca-Bay-Dr-75244/home/31097120,NTREIS,14229618,N,Y,32.9166803,-96.8368168
Vacant Land,8711 Marigold Dr,Dallas,TX,75241,120000,0,,Clover Blossom Farms Add,,50704,,1,,,Active,,,http://www.redfin.com/TX/Dallas/8711-Marigold-Dr-75241/home/31038794,NTREIS,14139138,N,Y,32.64262,-96.777278
Single Family Residential,1630 Kiltartan Dr,Dallas,TX,75228,339000,3,3.0,Lake Park Estates 6,2634,17468,1957,1,129,,Active,,,http://www.redfin.com/TX/Dallas/1630-Kiltartan-Dr-75228/home/31013116,NTREIS,14229624,N,Y,32.8239614,-96.6860546
Single Family Residential,5841 Williamstown Rd,Dallas,TX,75230,1650000,5,4.5,Melshire Estates,5518,20038,2007,1,299,,Active,,,http://www.redfin.com/TX/Dallas/5841-Williamstown-Rd-75230/home/30961615,NTREIS,14229541,N,Y,32.9155535,-96.8076785
Single Family Residential,5110 Veterans Dr,Dallas,TX,75241,150000,3,1.0,Goldmine,910,10977,1952,1,165,,Active,,,http://www.redfin.com/TX/Dallas/5110-Veterans-Dr-75241/home/30944281,NTREIS,14228785,N,Y,32.687264,-96.777457
Single Family Residential,6250 Anita St,Dallas,TX,75214,1129000,5,4.5,Bel Air Add,4535,7928,2019,1,249,,Active,,,http://www.redfin.com/TX/Dallas/6250-Anita-St-75214/home/30820975,NTREIS,14229462,N,Y,32.8343668,-96.7561458
Vacant Land,4027 Darien St,Dallas,TX,75212,69700,0,,Roosevelt Manor 1st Inst,,5793,,1,,,Active,,,http://www.redfin.com/TX/Dallas/4027-Darien-St-75212/home/35586101,NTREIS,14221320,N,Y,32.792241,-96.852655
Condo/Co-op,9737 Whitehurst Dr #5,Dallas,TX,75243,57289,1,1.0,Twin Oaks Collection Condos,573,96093,1983,1,100,157,Active,,,http://www.redfin.com/TX/Dallas/9737-Whitehurst-Dr-75243/unit-5/home/31189044,NTREIS,14223787,N,Y,32.9013071,-96.7273321
Condo/Co-op,9737 Whitehurst Dr #2,Dallas,TX,75243,57285,1,1.0,Twin Oaks Collection Condos,573,96093,1983,1,100,157,Active,,,http://www.redfin.com/TX/Dallas/9737-Whitehurst-Dr-75243/unit-2/home/31189049,NTREIS,14222109,N,Y,32.9013071,-96.7273321
Condo/Co-op,3918 N Hall St #12,Dallas,TX,75219,155000,1,1.0,Mirabelle Condos,597,11413,1985,1,260,172,Active,,,http://www.redfin.com/TX/Dallas/3918-N-Hall-St-75219/unit-12/home/30761663,NTREIS,14229477,N,Y,32.8113398,-96.808926
Single Family Residential,5838 La Vista Dr,Dallas,TX,75206,366666,2,2.0,M Bird Add,1096,12458,1940,1,335,,Active,,,http://www.redfin.com/TX/Dallas/5838-La-Vista-Dr-75206/home/30806548,NTREIS,14227210,N,Y,32.8128435,-96.7664335
Multi-Family (5+ Unit),Lakeview Pkwy,Rowlett,TX,75088,864785,10,3.0,,6000,,1982,1,144,1016,Active,,,http://www.redfin.com/TX/Rowlett/Lakeview-Pkwy-75088/home/169880668,NTREIS,14229320,N,Y,32.907465,-96.548431
Single Family Residential,5846 La Vista Dr,Dallas,TX,75206,366666,2,1.0,M Bird Add,1096,12458,1940,1,335,,Active,,,http://www.redfin.com/TX/Dallas/5846-La-Vista-Dr-75206/home/30806584,NTREIS,14227401,N,Y,32.8128226,-96.7661766
Single Family Residential,5842 La Vista Dr,Dallas,TX,75206,366666,2,1.0,M Bird Add,1096,12458,1940,1,335,,Active,,,http://www.redfin.com/TX/Dallas/5842-La-Vista-Dr-75206/home/30806544,NTREIS,14227399,N,Y,32.8128241,-96.7663389
Single Family Residential,2211 Marburg St,Dallas,TX,75215,179900,3,2.0,M Irwins Bl B-1757,1668,6970,2019,1,108,,Active,,,http://www.redfin.com/TX/Dallas/2211-Marburg-St-75215/home/30803884,NTREIS,14228294,N,Y,32.7513901,-96.7622986
Single Family Residential,10183 San Lorenzo Dr,Dallas,TX,75228,229000,3,1.5,Casa View Oaks 03,1608,8102,1954,1,142,,Active,,,http://www.redfin.com/TX/Dallas/10183-San-Lorenzo-Dr-75228/home/30969337,NTREIS,14229341,N,Y,32.8324525,-96.6806655
Condo/Co-op,12480 Abrams Rd #528,Dallas,TX,75243,52500,1,1.0,Creekbend Condo Ph 01-06,729,,1982,1,72,129,Active,,,http://www.redfin.com/TX/Dallas/12480-Abrams-Rd-75243/unit-528/home/31167891,NTREIS,14229250,N,Y,32.9175384,-96.7329006
Condo/Co-op,3400 Welborn St #221,Dallas,TX,75219,285000,2,2.0,Wyndemere Condo,1171,71569,1998,1,243,615,Active,,,http://www.redfin.com/TX/Dallas/3400-Welborn-St-75219/unit-221/home/32198822,NTREIS,14229413,N,Y,32.8099817,-96.8055298
Single Family Residential,1416 Michigan Ave,Dallas,TX,75216,285000,3,2.5,Cedar Oaks,1740,5358,1983,1,164,,Active,,,http://www.redfin.com/TX/Dallas/1416-Michigan-Ave-75216/home/30835330,NTREIS,14229405,N,Y,32.7306916,-96.8165735
Single Family Residential,4209 Bordeaux Ave,Highland Park,TX,75205,6895000,6,7.5,Highland Park West 08 Instl,8976,24394,1928,1,768,,Active,,,http://www.redfin.com/TX/Dallas/4209-Bordeaux-Ave-75205/home/32067233,NTREIS,14229213,N,Y,32.8250857,-96.8041613
Condo/Co-op,9737 Whitehurst Dr #7,Dallas,TX,75243,57289,1,1.0,Twin Oaks Collection Condos,573,96093,1983,1,100,157,Active,,,http://www.redfin.com/TX/Dallas/9737-Whitehurst-Dr-75243/unit-7/home/31189058,NTREIS,14223793,N,Y,32.9013071,-96.7273321
Condo/Co-op,9737 Whitehurst Dr #1,Dallas,TX,75243,57289,1,1.0,Twin Oaks Collection Condos,573,96093,1983,1,100,157,Active,,,http://www.redfin.com/TX/Dallas/9737-Whitehurst-Dr-75243/unit-1/home/31189048,NTREIS,14223798,N,Y,32.9013071,-96.7273321
Single Family Residential,117 Highview Ln,Rockwall,TX,75087,325000,3,2.5,Northshore Ph 4,2237,10019,1988,1,145,,Active,,,http://www.redfin.com/TX/Rockwall/117-Highview-Ln-75087/home/33930674,NTREIS,14219182,N,Y,32.9318397,-96.4717204
Condo/Co-op,4307 McKinney Ave #10,Dallas,TX,75205,599000,3,3.0,Amherst Condos,2563,9017,2002,1,234,390,Active,,,http://www.redfin.com/TX/Dallas/4307-McKinney-Ave-75205/unit-10/home/30745372,NTREIS,14227223,N,Y,32.8179246,-96.7902295
Condo/Co-op,5702 Marvin Loving Dr #201,Garland,TX,75043,105000,1,1.0,Faulkner,798,181035,1982,1,132,229,Active,,,http://www.redfin.com/TX/Garland/5702-Marvin-Loving-Dr-75043/unit-201/home/31385699,NTREIS,14229290,N,Y,32.8585059,-96.5461925
Single Family Residential,6444 Waggoner Dr,Dallas,TX,75230,1925000,6,7.0,Preston Road Estates,6500,14985,1997,1,296,,Active,November-24-2019 01:00 PM,November-24-2019 03:00 PM,http://www.redfin.com/TX/Dallas/6444-Waggoner-Dr-75230/home/30875695,NTREIS,14227812,N,Y,32.886983,-96.794622
Single Family Residential,5515 Druid Ln,Dallas,TX,75209,649000,2,1.0,Greenway Crest,1326,8581,1949,1,489,,Active,,,http://www.redfin.com/TX/Dallas/5515-Druid-Ln-75209/home/30881278,NTREIS,14229265,N,Y,32.8485361,-96.8159456
Single Family Residential,10461 Heather Ln,Dallas,TX,75229,775000,3,2.5,Walnut Hill Park,3048,15812,1954,1,254,,Active,,,http://www.redfin.com/TX/Dallas/10461-Heather-Ln-75229/home/31141263,NTREIS,14228300,N,Y,32.8898591,-96.853208
Single Family Residential,4217 Pecan Grove Ln,Rowlett,TX,75088,220000,3,2.0,Waterside Estates,2573,9801,1997,1,86,,Active,,,http://www.redfin.com/TX/Rowlett/4217-Pecan-Grove-Ln-75088/home/32028058,NTREIS,14227305,N,Y,32.880934,-96.561801
Single Family Residential,7140 Lupton,Dallas,TX,75225,689950,4,3.5,Windsor Park 08,4143,16771,1969,1,167,,Active,,,http://www.redfin.com/TX/Dallas/7140-Lupton-Dr-75225/home/30872409,NTREIS,14229243,N,Y,32.8754664,-96.7820125
Condo/Co-op,2408 Victory Park Ln #1039,Dallas,TX,75219,649777,2,2.5,South Tower Residence,1755,71395,2005,1,370,1669,Active,,,http://www.redfin.com/TX/Dallas/2408-Victory-Park-Ln-75219/unit-1039/home/30775460,NTREIS,14229218,N,Y,32.7894829,-96.810563
Single Family Residential,3505 Los Angeles Blvd,Dallas,TX,75233,149500,4,2.0,Kimball Ranch,1740,9583,1968,1,86,,Active,,,http://www.redfin.com/TX/Dallas/3505-Los-Angeles-Blvd-75233/home/30959405,NTREIS,14229231,N,Y,32.7014873,-96.8874001
Single Family Residential,190 Reflection Pl,Dallas,TX,75230,1650000,4,4.5,The Signature Collection,4186,5227,2020,1,394,465,Active,,,http://www.redfin.com/TX/Dallas/190-Reflection-Pl-75230/home/169878198,NTREIS,14219023,N,Y,32.880905,-96.773257
Single Family Residential,8808 Larchwood Dr,Dallas,TX,75238,399000,3,2.0,Lake Highlands Estates,1580,7449,1959,1,253,,Active,,,http://www.redfin.com/TX/Dallas/8808-Larchwood-Dr-75238/home/31005734,NTREIS,14228429,N,Y,32.8684736,-96.700929
Single Family Residential,110 Oakhurst Dr,Seagoville,TX,75159,189900,4,2.0,Oakridge South,1876,6316,2004,1,101,,Active,,,http://www.redfin.com/TX/Seagoville/110-Oakhurst-Dr-75159/home/30757945,NTREIS,14229208,N,Y,32.6616828,-96.5914152
Single Family Residential,8406 Maddox St,Dallas,TX,75217,140000,2,1.0,Grovedale Heights Bl 6332,886,7144,1949,1,158,,Active,,,http://www.redfin.com/TX/Dallas/8406-Maddox-St-75217/home/30923391,NTREIS,14229185,N,Y,32.7330489,-96.676269
Single Family Residential,1400 Seminole Dr,Richardson,TX,75080,465000,4,2.5,Richardson Heights 16 Sec 02,2896,10890,1967,1,161,,Active,,,http://www.redfin.com/TX/Richardson/1400-Seminole-Dr-75080/home/31965712,NTREIS,14222476,N,Y,32.9691806,-96.7673418
Single Family Residential,6016 Belmont Ave,Dallas,TX,75206,459000,4,4.0,Belmont Sub,3254,9888,1955,1,141,,Active,,,http://www.redfin.com/TX/Dallas/6016-Belmont-Ave-75206/home/30806617,NTREIS,14228759,N,Y,32.8170252,-96.7629289
Single Family Residential,6209 SILVERY MOON,Dallas,TX,75241,164900,4,1.0,Singing Hills-Symphony,1321,7667,1962,2,125,,Active,,,http://www.redfin.com/TX/Dallas/6209-Silvery-Moon-Dr-75241/home/30951335,NTREIS,14224978,N,Y,32.6716672,-96.8044766
Single Family Residential,4745 Coyote Trl,Dallas,TX,75227,359000,3,2.5,Enclave At Wooded Creek,2822,7884,2018,2,127,,Active,,,http://www.redfin.com/TX/Dallas/4745-Coyote-Trl-75227/home/169882826,NTREIS,14229146,N,Y,32.778736,-96.700953
Single Family Residential,11909 Edgestone Rd,Dallas,TX,75230,995000,3,2.5,Lake Forest Ph C,4542,7928,2000,2,219,492,Active,,,http://www.redfin.com/TX/Dallas/11909-Edgestone-Rd-75230/home/31150519,NTREIS,14228620,N,Y,32.9121708,-96.7828193
Single Family Residential,2007 Village Way,Dallas,TX,75216,94000,4,2.0,Cedar Crest Village 03,1894,7797,1948,2,50,,Active,,,http://www.redfin.com/TX/Dallas/2007-Village-Way-75216/home/30903699,NTREIS,14229082,N,Y,32.7092022,-96.7966922
Condo/Co-op,3883 Turtle Creek Blvd #1901,Dallas,TX,75219,187500,1,1.0,Twenty-One Turtle Creek Condos,862,137606,1963,2,218,605,Active,,,http://www.redfin.com/TX/Dallas/3883-Turtle-Creek-Blvd-75219/unit-1901/home/30797492,NTREIS,14224871,N,Y,32.8148615,-96.7998842
Single Family Residential,3022 Ivandell Ave,Dallas,TX,75211,239900,3,2.0,Sunset Heights,1091,7013,1940,2,220,,Active,,,http://www.redfin.com/TX/Dallas/3022-Ivandell-Ave-75211/home/30838359,NTREIS,14228958,N,Y,32.7360535,-96.8711421
Single Family Residential,2139 Hulse Blvd,Dallas,TX,75203,209900,4,2.5,Hulse Geo,1700,7362,2019,3,123,,Active,,,http://www.redfin.com/TX/Dallas/2139-Hulse-Blvd-75203/home/30889323,NTREIS,14226885,N,Y,32.737046,-96.79426
Single Family Residential,9138 Westglen Dr,Dallas,TX,75228,419000,3,2.0,Casa Linda Forest,2105,14941,1961,3,199,,Active,,,http://www.redfin.com/TX/Dallas/9138-Westglen-Dr-75228/home/30998654,NTREIS,14228937,N,Y,32.8156111,-96.6970012
Condo/Co-op,3121 Park Ln #1162,Dallas,TX,75220,74990,2,2.0,Park Lane Twnhms Ph 02,970,397485,1969,3,77,553,Active,,,http://www.redfin.com/TX/Dallas/3121CC-Park-Ln-75220/unit-1162/home/30933435,NTREIS,14228919,N,Y,32.8759344,-96.8728976
Condo/Co-op,4611 Travis St Unit 1108B,Dallas,TX,75205,506000,2,2.5,The Travis at Katy Trail,1779,26920,2000,3,284,988,Active,,,http://www.redfin.com/TX/Dallas/4611-Travis-St-75205/unit-1108B/home/30765923,NTREIS,14220363,N,Y,32.8243394,-96.7902695
Vacant Land,6006 Plata Way,Dallas,TX,75211,89000,0,,Quan Yin,,,,3,,,Active,,,http://www.redfin.com/TX/Dallas/6006-Plata-Way-75211/home/30774828,NTREIS,14228909,N,Y,32.743531,-96.925391
Vacant Land,4639 Luzon St,Dallas,TX,75216,23900,0,,Central Ave,,,,3,,,Active,,,http://www.redfin.com/TX/Dallas/4639-Luzon-St-75216/home/31041016,NTREIS,14228904,N,Y,32.71115,-96.743145
Condo/Co-op,6005 Danbury Ln #204,Dallas,TX,75206,229900,2,2.0,Arbor Court Condo,1144,35284,1970,3,201,358,Active,,,http://www.redfin.com/TX/Dallas/6005-Danbury-Ln-75206/unit-204/home/31161176,NTREIS,14227883,N,Y,32.848518,-96.7621868
Single Family Residential,1013 S Glasgow Dr,Dallas,TX,75223,315000,4,4.0,Mount Auburn,2102,7231,1947,3,150,,Active,,,http://www.redfin.com/TX/Dallas/1013-S-Glasgow-Dr-75223/home/30801227,NTREIS,14218394,N,Y,32.7989475,-96.7442408
Single Family Residential,3001 Faulkner Dr,Rowlett,TX,75088,479000,5,3.0,Toler Bay,3847,9801,1984,3,125,75,Active,,,http://www.redfin.com/TX/Rowlett/3001-Faulkner-Dr-75088/home/32025401,NTREIS,14228839,N,Y,32.8792829,-96.57446
Single Family Residential,11567 Coral Hills Dr,Dallas,TX,75229,364900,3,2.0,Coral Hills,1912,11413,1960,3,191,,Active,,,http://www.redfin.com/TX/Dallas/11567-Coral-Hills-Dr-75229/home/30931765,NTREIS,14228426,N,Y,32.9078631,-96.8678289
Single Family Residential,6463 Wofford Ave,Dallas,TX,75227,99000,2,1.0,Parkdale Heights Rev,720,8886,1949,3,138,,Active,,,http://www.redfin.com/TX/Dallas/6463-Wofford-Ave-75227/home/30884158,NTREIS,14228848,N,Y,32.770129,-96.7094646
Single Family Residential,6745 E Mockingbird Ln,Dallas,TX,75214,399000,3,2.0,Caruth Terrace 05,1764,7841,1955,3,226,,Active,,,http://www.redfin.com/TX/Dallas/6745-E-Mockingbird-Ln-75214/home/30822996,NTREIS,14228838,N,Y,32.8403916,-96.7444459
Single Family Residential,3107 S Marsalis Ave. Ave,Dallas,TX,75216,238000,5,3.0,Marsalis Club,2238,12589,2019,3,106,,Active,,,http://www.redfin.com/TX/Dallas/3107-S-Marsalis-Ave-75216/home/30895388,NTREIS,14228831,N,Y,32.707242,-96.815005
Single Family Residential,1209 Lakeridge Ln,Irving,TX,75063,464900,4,3.0,Hollows Of Valley Ranch Sec 04,2988,9627,1998,3,156,57,Active,,,http://www.redfin.com/TX/Irving/1209-Lakeridge-Ln-75063/home/31678537,NTREIS,14225813,N,Y,32.9422806,-96.9650791
Single Family Residential,2619 Wilhurt Ave,Dallas,TX,75216,238000,5,3.0,Lisbon Heights,2238,12589,2019,3,106,,Active,,,http://www.redfin.com/TX/Dallas/2619-Wilhurt-Ave-75216/home/30887499,NTREIS,14228800,N,Y,32.704904,-96.782057
Single Family Residential,17732 Sage Ln,Dallas,TX,75252,485000,3,2.5,University Place,1923,1742,2019,3,252,154,Active,,,http://www.redfin.com/TX/Dallas/17732-Sage-Ln-75252/home/167677263,NTREIS,14228798,N,Y,32.9921758,-96.7616532
Single Family Residential,17114 Bullaye Way,Dallas,TX,75252,710000,4,3.5,University Place,3669,10890,2019,3,194,54,Active,,,http://www.redfin.com/TX/Dallas/Bullaye-Way-75252/home/169392035,NTREIS,14228781,N,Y,32.983415,-96.765637
Condo/Co-op,9696 Walnut St #2012,Dallas,TX,75243,58000,1,1.0,Trinity Meadows Condos,730,361722,1981,3,79,158,Active,,,http://www.redfin.com/TX/Dallas/9696-Walnut-St-75243/unit-2012/home/31126942,NTREIS,14227821,N,Y,32.9241724,-96.7216547
Single Family Residential,17554 SEQUOIA Dr,Dallas,TX,75252,499900,4,3.5,University Place Add,2875,4356,2018,3,174,54,Active,,,http://www.redfin.com/TX/Dallas/17554-Sequoia-Dr-75252/home/166927670,NTREIS,14228771,N,Y,32.9897779,-96.7613857
Single Family Residential,4727 Haas Dr,Dallas,TX,75216,117900,3,1.0,Ann Arbor,1176,9104,1953,3,100,,Active,,,http://www.redfin.com/TX/Dallas/4727-Haas-Dr-75216/home/30886157,NTREIS,14228720,N,Y,32.7022403,-96.7670699
Single Family Residential,1654 Sax Leigh Dr,Dallas,TX,75241,180000,3,2.0,Village Of Runyon Spgs,1611,4966,2004,3,112,8,Active,,,http://www.redfin.com/TX/Dallas/1654-Sax-Leigh-Dr-75241/home/30741150,NTREIS,14228766,N,Y,32.6694945,-96.7943069
Single Family Residential,4328 Livingston Ave,Highland Park,TX,75205,1347500,3,2.5,Highland Park,2950,8276,1936,3,457,,Active,,,http://www.redfin.com/TX/Dallas/4328-Livingston-Ave-75205/home/32070447,NTREIS,14227930,N,Y,32.8351168,-96.8086161
Single Family Residential,4910 Burnside Ave,Dallas,TX,75216,179999,4,2.0,Glendale Acres,1719,11935,2019,3,105,,Active,,,http://www.redfin.com/TX/Dallas/4910-Burnside-Ave-75216/home/30844873,NTREIS,14226440,N,Y,32.687294,-96.795129
Single Family Residential,6036 Palo Pinto Ave,Dallas,TX,75206,985000,4,3.0,Belmont Sub,3375,8538,2013,3,292,,Active,,,http://www.redfin.com/TX/Dallas/6036-Palo-Pinto-Ave-75206/home/30806479,NTREIS,14228729,N,Y,32.819493,-96.762072
Condo/Co-op,8110 Skillman St #1052,Dallas,TX,75231,61000,1,1.0,Windtree Condos,723,343035,1980,3,84,256,Active,,,http://www.redfin.com/TX/Dallas/8110-Skillman-St-75231/unit-1052/home/31064844,NTREIS,14228728,N,Y,32.889709,-96.7300426
Single Family Residential,7930 Fair Oaks Ave,Dallas,TX,75231,549000,4,3.0,Alexanders Village,3252,8668,1990,3,169,,Active,,,http://www.redfin.com/TX/Dallas/7930-Fair-Oaks-Ave-75231/home/31067751,NTREIS,14228725,N,Y,32.8834559,-96.7448404
Condo/Co-op,14151 Montfort Dr #351,Dallas,TX,75254,198500,2,2.0,Lifescape Villas On Montfort,1058,,1981,3,188,348,Active,,,http://www.redfin.com/TX/Dallas/14151-Montfort-Dr-75254/unit-351/home/31174328,NTREIS,14228719,N,Y,32.9407408,-96.8143444
Single Family Residential,7620 Pennyburn Dr,Dallas,TX,75248,575000,4,4.5,Highlands North Sec 03,3288,11326,1978,3,175,,Active,,,http://www.redfin.com/TX/Dallas/7620-Pennyburn-Dr-75248/home/31112525,NTREIS,14228602,N,Y,32.9819272,-96.7762104
Multi-Family (2-4 Unit),10550 Ravenscroft Dr,Dallas,TX,75230,349900,3,2.0,Crest Meadow Estates,1949,4966,1970,3,180,,Active,,,http://www.redfin.com/TX/Dallas/10550-Ravenscroft-Dr-75230/home/30992840,NTREIS,14228151,N,Y,32.890887,-96.777961
Single Family Residential,3705 Strayhorn Dr,Mesquite,TX,75150,228000,4,2.0,Country Club Estates,1490,7449,1957,4,153,,Active,,,http://www.redfin.com/TX/Mesquite/3705-Strayhorn-Dr-75150/home/31823001,NTREIS,14228245,N,Y,32.834152,-96.6545204
Single Family Residential,10430 Sylvia Dr,Dallas,TX,75228,234900,3,2.0,EASTRIDGE PARK,1400,8930,1952,4,168,,Active,,,http://www.redfin.com/TX/Dallas/10430-Sylvia-Dr-75228/home/30862821,NTREIS,14228686,N,Y,32.8367068,-96.6839658
Single Family Residential,7350 Highland Glen Trl,Dallas,TX,75248,397000,3,2.5,Highland Square,2640,2919,1981,4,150,,Active,,,http://www.redfin.com/TX/Dallas/7350-Highland-Glen-Trl-75248/home/31153776,NTREIS,14228638,N,Y,32.9865766,-96.7793063
Single Family Residential,7330 Wester Way,Dallas,TX,75248,575499,4,4.0,Highland Of Mckamy 02,3464,13765,1979,4,166,,Active,,,http://www.redfin.com/TX/Dallas/7330-Wester-Way-75248/home/31113400,NTREIS,14228641,N,Y,32.9858065,-96.7789716
Single Family Residential,907 Brae Loch Dr,Dallas,TX,75217,165000,3,2.0,Heritage Square 04 Ph 02,1412,5097,1990,4,117,,Active,,,http://www.redfin.com/TX/Dallas/907-Brae-Loch-Dr-75217/home/31141925,NTREIS,14227919,N,Y,32.7266088,-96.653059
Single Family Residential,2908 Wanda Way,Seagoville,TX,75159,140000,3,2.0,Robinwood Estates,1788,14331,1955,4,78,,Active,,,http://www.redfin.com/TX/Seagoville/2908-Wanda-Way-75159/home/32045675,NTREIS,14228610,N,Y,32.6711266,-96.5822801
Condo/Co-op,5335 Bent Tree Forest Dr #237,Dallas,TX,75248,125000,1,1.0,Bent Tree Forest Drive Condos,687,381847,1981,4,182,176,Active,,,http://www.redfin.com/TX/Dallas/5335-Bent-Tree-Forest-Dr-75248/unit-237/home/31131931,NTREIS,14228637,N,Y,32.9656014,-96.8170549
Single Family Residential,6733 Lockheed Ave,Dallas,TX,75209,299500,2,1.0,Lockheed Hills,794,7449,1944,4,377,,Active,,,http://www.redfin.com/TX/Dallas/6733-Lockheed-Ave-75209/home/30855146,NTREIS,14226092,N,Y,32.8407668,-96.8297685
Condo/Co-op,4611 Travis St Unit 1107B,Dallas,TX,75205,495000,2,2.0,Travis At Knox Condo,1744,26920,2000,4,284,890,Active,,,http://www.redfin.com/TX/Dallas/4611-Travis-St-75205/unit-1107B/home/30765921,NTREIS,14228592,N,Y,32.8243394,-96.7902695
Condo/Co-op,14151 Montfort Dr #329,Dallas,TX,75254,180000,2,2.0,Lifescape Villas On Montfort,1323,419483,1981,4,136,353,Active,,,http://www.redfin.com/TX/Dallas/14151-Montfort-Dr-75254/unit-329/home/31174223,NTREIS,14228191,N,Y,32.9407408,-96.8143444
Single Family Residential,9418 Gatetrail Dr,Dallas,TX,75238,510000,3,2.0,White Rock North,2584,8364,1965,4,197,,Active,,,http://www.redfin.com/TX/Dallas/9418-Gatetrail-Dr-75238/home/31067804,NTREIS,14226976,N,Y,32.8828815,-96.7278686
Townhouse,2432 Worthington St,Dallas,TX,75204,635000,3,3.5,Worthington Corners,2366,1699,2003,4,268,81,Active,,,http://www.redfin.com/TX/Dallas/2432-Worthington-St-75204/home/30730372,NTREIS,14228437,N,Y,32.7971863,-96.7993294
Condo/Co-op,8181 Douglas Ave #210,Dallas,TX,75225,1950000,3,3.0,8181 DOUGLAS CONDOMINIUMS,4472,,1982,4,436,2918,Active,,,http://www.redfin.com/TX/Dallas/8181-Douglas-Ave-75225/unit-210/home/31169428,NTREIS,14224181,N,Y,32.8619507,-96.8087332
Single Family Residential,2426 San Paula Ave,Dallas,TX,75228,250000,3,2.0,Casa View Oaks 02,1226,7623,1953,4,204,,Active,,,http://www.redfin.com/TX/Dallas/2426-San-Paula-Ave-75228/home/30969021,NTREIS,14216497,N,Y,32.8318728,-96.6734391
Single Family Residential,4043 Kentshire Ln,Dallas,TX,75287,346500,3,2.0,Regency Park 2,2039,7841,1984,4,170,,Active,,,http://www.redfin.com/TX/Dallas/4043-Kentshire-Ln-75287/home/31923796,NTREIS,14221306,N,Y,33.0026443,-96.8415697
Single Family Residential,1130 N Cottonwood Dr,Richardson,TX,75080,549900,4,3.0,Richardson Heights 16 Sec 01,2208,10106,1963,4,249,,Active,,,http://www.redfin.com/TX/Richardson/1130-N-Cottonwood-Dr-75080/home/31965213,NTREIS,14228549,N,Y,32.9655053,-96.7668608
Condo/Co-op,8545 Midpark Rd #3,Dallas,TX,75240,89000,1,1.0,Parkwood Creek Condos,703,150935,1982,4,127,170,Active,,,http://www.redfin.com/TX/Dallas/8545-Midpark-Rd-75240/unit-3/home/31178817,NTREIS,14227960,N,Y,32.936657,-96.7577934
Single Family Residential,9306 Clearwater Dr,Dallas,TX,75243,289900,3,2.0,Northwood Estates,1845,10019,1960,4,157,,Active,,,http://www.redfin.com/TX/Dallas/9306-Clearwater-Dr-75243/home/31028428,NTREIS,14228490,N,Y,32.903048,-96.750924
Single Family Residential,18928 Ravenglen Ct,Dallas,TX,75287,295000,3,2.5,Bently Court,1580,3485,1993,4,187,,Active,,,http://www.redfin.com/TX/Dallas/18928-Ravenglen-Ct-75287/home/32189515,NTREIS,14227102,N,Y,33.0087713,-96.8408159
Single Family Residential,4045 Windhaven Ln,Dallas,TX,75287,317400,3,2.0,Bently Court,2036,5663,1985,4,156,,Active,,,http://www.redfin.com/TX/Dallas/4045-Windhaven-Ln-75287/home/32021655,NTREIS,14228365,N,Y,33.0079305,-96.8421769
Single Family Residential,9683 Whitehurst Dr,Dallas,TX,75243,459900,5,3.0,Town Creek,3324,10672,1973,4,138,,Active,,,http://www.redfin.com/TX/Dallas/9683-Whitehurst-Dr-75243/home/31070681,NTREIS,14228422,N,Y,32.9015029,-96.7284816
Single Family Residential,8502 Victory St,Rowlett,TX,75089,267900,4,2.5,Champion Lakes,2660,10106,2002,4,101,21,Active,,,http://www.redfin.com/TX/Rowlett/8502-Victory-St-75089/home/32269250,NTREIS,14228486,N,Y,32.9359101,-96.5182462
Condo/Co-op,4015 Wycliff Ave #1,Dallas,TX,75219,599900,3,3.5,Melrose Heights,2126,7187,2015,4,282,250,Active,,,http://www.redfin.com/TX/Dallas/4015-Wycliff-Ave-75219/unit-1/home/78530585,NTREIS,14228465,N,Y,32.8196947,-96.8083052
Condo/Co-op,6900 Skillman St #704,Dallas,TX,75231,136900,2,2.0,Skillman Bend Condo,964,169013,1981,4,142,374,Active,,,http://www.redfin.com/TX/Dallas/6900-Skillman-St-75231/unit-704/home/31066629,NTREIS,14228235,N,Y,32.8706951,-96.7344161
Single Family Residential,2608 Healey Dr,Dallas,TX,75228,289000,4,3.0,Peavy Park,2142,10019,1954,4,135,,Active,,,http://www.redfin.com/TX/Dallas/2608-Healey-Dr-75228/home/30739277,NTREIS,14225880,N,Y,32.8246267,-96.6707033
Single Family Residential,718 Holliday Ln,Duncanville,TX,75116,169750,3,1.0,Fairwoods 01,1032,7318,1980,4,164,,Active,,,http://www.redfin.com/TX/Duncanville/718-Holliday-Ln-75116/home/31312716,NTREIS,14227596,N,Y,32.6687123,-96.8932254
Single Family Residential,6750 Greenwich Ln,Dallas,TX,75230,875000,3,2.5,Preston Brook Estates,3298,18077,1958,4,265,,Active,,,http://www.redfin.com/TX/Dallas/6750-Greenwich-Ln-75230/home/31018883,NTREIS,14227159,N,Y,32.9114171,-96.7886743
Single Family Residential,16058 Chalfont Ct,Dallas,TX,75248,575000,4,3.5,Preston Park 02 Rev,3000,11935,1983,4,192,25,Active,,,http://www.redfin.com/TX/Dallas/16058-Chalfont-Ct-75248/home/31086449,NTREIS,14220115,N,Y,32.9668969,-96.8081598
Condo/Co-op,5055 Addison Cir #424,Addison,TX,75001,368500,2,2.0,Aventura Condos,1811,,2000,4,203,626,Active,,,http://www.redfin.com/TX/Addison/5055-Addison-Cir-75001/unit-424/home/32253853,NTREIS,14228234,N,Y,32.9622562,-96.8239695
Single Family Residential,2938 Bay Oaks Dr,Dallas,TX,75229,264900,3,2.0,Walnut Hills 4th Inst,1475,7492,1955,4,180,,Active,,,http://www.redfin.com/TX/Dallas/2938-Bay-Oaks-Dr-75229/home/30933901,NTREIS,14228267,N,Y,32.8884897,-96.8789287
Single Family Residential,134 Couch Ln,Cedar Hill,TX,75104,249000,5,2.5,Creekside At High Pointe,2124,6055,1990,4,117,,Active,,,http://www.redfin.com/TX/Cedar-Hill/134-Couch-Ln-75104/home/31238718,NTREIS,14224226,N,Y,32.6232699,-96.9397631
Condo/Co-op,11490 Audelia Rd #212,Dallas,TX,75243,49900,1,1.0,Cambridge Condos Ph 01 03,730,435295,1980,4,68,274,Active,,,http://www.redfin.com/TX/Dallas/11490-Audelia-Rd-75243/unit-212/home/31060917,NTREIS,14227961,N,Y,32.9021899,-96.7169666
Single Family Residential,6916 Leameadow Dr,Dallas,TX,75248,445000,4,3.0,Prestonwood Estates,2780,12240,1969,4,160,,Active,,,http://www.redfin.com/TX/Dallas/6916-Leameadow-Dr-75248/home/31075793,NTREIS,14228172,N,Y,32.9539269,-96.7885113
Condo/Co-op,9910 Royal Ln #502,Dallas,TX,75231,90000,1,1.5,Glen Oaks Twnhms Condo,876,277782,1981,4,103,242,Active,,,http://www.redfin.com/TX/Dallas/9910-Royal-Ln-75231/unit-502/home/31127505,NTREIS,14226719,N,Y,32.8944189,-96.7170569
Single Family Residential,11828 Brookhill Ln,Dallas,TX,75230,949000,3,3.5,Lake Forest Ph D,3872,7231,1999,4,245,492,Active,,,http://www.redfin.com/TX/Dallas/11828-Brookhill-Ln-75230/home/31150455,NTREIS,14224091,N,Y,32.9108896,-96.7821493
Single Family Residential,3048 Clydedale Dr,Dallas,TX,75220,240000,4,3.0,Community Place,1115,7187,1949,4,215,,Active,,,http://www.redfin.com/TX/Dallas/3048-Clydedale-Dr-75220/home/30882263,NTREIS,14219849,N,Y,32.8621354,-96.8727342
Single Family Residential,10684 E Lake Highlands Dr,Dallas,TX,75218,500000,3,2.5,Highlands Crk Court,2762,8146,1986,4,181,,Active,,,http://www.redfin.com/TX/Dallas/10684-E-Lake-Highlands-Dr-75218/home/31151462,NTREIS,14227609,N,Y,32.854844,-96.70114
Single Family Residential,3 Kingsgate Ct,Dallas,TX,75225,1375000,4,5.0,Glen Lakes 04,6354,9888,1986,4,216,575,Active,,,http://www.redfin.com/TX/Dallas/3-Kingsgate-Ct-75225/home/30872647,NTREIS,14227037,N,Y,32.875268,-96.7779752
Single Family Residential,10607 Allegheny Dr,Dallas,TX,75229,219900,3,2.0,Walnut Hills 4th Inst,1782,7492,1958,4,123,,Active,,,http://www.redfin.com/TX/Dallas/10607-Allegheny-Dr-75229/home/30933857,NTREIS,14228332,N,Y,32.891235,-96.8816563
Condo/Co-op,9839 Walnut St #111,Dallas,TX,75243,60000,1,1.0,Richland Trace Condos,551,383938,1984,4,109,150,Active,,,http://www.redfin.com/TX/Dallas/9839-Walnut-St-75243/unit-111/home/31183464,NTREIS,14228283,N,Y,32.923751,-96.7128185
Single Family Residential,6244 Glennox Ln,Dallas,TX,75214,575000,4,3.5,Lovers Lane East,3027,8233,1971,4,190,,Active,,,http://www.redfin.com/TX/Dallas/6244-Glennox-Ln-75214/home/30868906,NTREIS,14226327,N,Y,32.8498675,-96.7557699
Single Family Residential,5110 Radbrook Pl,Dallas,TX,75220,1499000,4,5.5,Radbrook Estates,4378,45085,1962,4,342,,Active,,,http://www.redfin.com/TX/Dallas/5110-Radbrook-Pl-75220/home/30879608,NTREIS,14227738,N,Y,32.8674246,-96.8238319
Multi-Family (2-4 Unit),5810 Lewis St,Dallas,TX,75206,785000,3,3.5,Ross Ave Heights Add,3225,6011,2019,4,243,,Active,,,http://www.redfin.com/TX/Dallas/5810-Lewis-St-75206/home/30798243,NTREIS,14226916,N,Y,32.8119207,-96.7672791
Single Family Residential,4133 Dawes Dr,Dallas,TX,75211,220000,3,2.0,Bluebonnet Acres,1233,7623,1949,4,178,,Active,,,http://www.redfin.com/TX/Dallas/4133-Dawes-Dr-75211/home/30857451,NTREIS,14228299,N,Y,32.7276572,-96.8881544
Single Family Residential,4239 Nashwood Ln,Dallas,TX,75244,650000,4,3.0,Hockaday Manor,2929,17076,1965,4,222,,Active,,,http://www.redfin.com/TX/Dallas/4239-Nashwood-Ln-75244/home/31097247,NTREIS,14228071,N,Y,32.9122399,-96.8363196
Single Family Residential,7605 Queens Garden Dr,Dallas,TX,75248,669000,6,4.0,Highlands North Sec 02,4227,14898,1978,4,158,,Active,,,http://www.redfin.com/TX/Dallas/7605-Queens-Garden-Dr-75248/home/31112520,NTREIS,14227150,N,Y,32.9812689,-96.7774446
Single Family Residential,4221 Meadowdale Ln,Dallas,TX,75229,845000,4,3.5,Royal Ridge Add,3258,16335,1968,4,259,,Active,November-24-2019 01:00 PM,November-24-2019 03:00 PM,http://www.redfin.com/TX/Dallas/4221-Meadowdale-Ln-75229/home/30878265,NTREIS,14219060,N,Y,32.8903397,-96.8375802
Single Family Residential,9420 Forestridge Dr,Dallas,TX,75238,545000,3,2.0,White Rock North,2400,10149,1960,4,227,,Active,,,http://www.redfin.com/TX/Dallas/9420-Forestridge-Dr-75238/home/30881608,NTREIS,14227334,N,Y,32.8713788,-96.7211571
Townhouse,4128 Buena Vista St,Dallas,TX,75204,449000,2,2.5,Parkwood Twnhms Add,1880,1699,1998,4,239,375,Active,,,http://www.redfin.com/TX/Dallas/4128-Buena-Vista-St-75204/home/31124161,NTREIS,14225607,N,Y,32.816548,-96.795015
Single Family Residential,6634 Clearhaven Cir,Dallas,TX,75248,524900,3,2.5,Prestonwood 15,2472,7884,1978,4,212,,Active,,,http://www.redfin.com/TX/Dallas/6634-Clearhaven-Cir-75248/home/31112067,NTREIS,14228213,N,Y,32.9669373,-96.7921308
Single Family Residential,9440 Glengreen Dr,Dallas,TX,75217,135000,3,2.0,Bruton Lakes Add,1449,7928,1970,4,93,,Active,,,http://www.redfin.com/TX/Dallas/9440-Glengreen-Dr-75217/home/30941192,NTREIS,14224079,N,Y,32.7431419,-96.6600743
Single Family Residential,812 Arbol Verde Ct,Dallas,TX,75217,169900,3,2.0,Montecito Plaza,1353,6447,2006,4,126,,Active,,,http://www.redfin.com/TX/Dallas/812-Arbol-Verde-Ct-75217/home/30761196,NTREIS,14227367,N,Y,32.6996954,-96.6561907
Single Family Residential,642 Northlake Dr,Dallas,TX,75218,517000,3,2.0,Lake Highlands Estates,1611,10629,1947,4,321,,Active,November-23-2019 01:00 PM,November-23-2019 03:00 PM,http://www.redfin.com/TX/Dallas/642-Northlake-Dr-75218/home/30867402,NTREIS,14225080,N,Y,32.8469727,-96.7117946
Condo/Co-op,4406 Bowser Ave #8,Dallas,TX,75219,495000,3,3.5,Lomo Blanco Condo,2189,39945,2008,4,226,351,Active,,,http://www.redfin.com/TX/Dallas/4406-Bowser-Ave-75219/unit-8/home/32396207,NTREIS,14227422,N,Y,32.818858,-96.8115643
Single Family Residential,1047 Tea Olive Ln,Dallas,TX,75212,475000,3,3.0,Trinity Green,1803,1525,2019,4,263,108,Active,,,http://www.redfin.com/TX/Dallas/1047-Tea-Olive-Ln-75212/home/167041159,NTREIS,14228238,N,Y,32.778475,-96.840502
Single Family Residential,6827 Kingsbury Dr,Dallas,TX,75231,450000,4,2.0,Merriman Park,2312,12545,1961,4,195,2,Active,,,http://www.redfin.com/TX/Dallas/6827-Kingsbury-Dr-75231/home/30870906,NTREIS,14227985,N,Y,32.8602427,-96.7447409
Single Family Residential,2612 Beechmont Dr,Dallas,TX,75228,379000,4,3.0,Crestview East 01,1848,8102,1963,4,205,,Active,,,http://www.redfin.com/TX/Dallas/2612-Beechmont-Dr-75228/home/31013246,NTREIS,14227573,N,Y,32.8214013,-96.686347
Multi-Family (5+ Unit),5401 Lindsley Ave,Dallas,TX,75223,375000,0,4.0,East We Go,2740,8581,1922,4,137,,Active,,,http://www.redfin.com/TX/Dallas/5401-Lindsley-Ave-75223/home/30800495,NTREIS,14228224,N,Y,32.7949306,-96.7527864
Vacant Land,4719 Hay St,Dallas,TX,75223,35000,0,,Jd Hays Sub,,4835,,4,,,Active,,,http://www.redfin.com/TX/Dallas/4719-Hay-St-75223/home/30798090,NTREIS,14228222,N,Y,32.7848339,-96.754848
Single Family Residential,6301 Palo Pinto Ave,Dallas,TX,75214,989900,4,4.0,Lakewood Heights,4191,7492,2006,4,236,,Active,,,http://www.redfin.com/TX/Dallas/6301-Palo-Pinto-Ave-75214/home/30810105,NTREIS,14222183,N,Y,32.8203477,-96.7558114
Single Family Residential,1041 Tea Olive Ln,Dallas,TX,75212,470000,3,3.0,Trinity Green,1904,1525,2019,4,247,108,Active,,,http://www.redfin.com/TX/Dallas/1041-Tea-Olive-Ln-75212/home/167041068,NTREIS,14228220,N,Y,32.778475,-96.840502
Single Family Residential,14113 Greenhaw Ln,Dallas,TX,75253,211900,3,2.5,Shady Oaks,1615,5314,2019,4,131,25,Active,,,http://www.redfin.com/TX/Dallas/14113-Greenhaw-Ln-75253/home/30775195,NTREIS,14228205,N,Y,32.6784899,-96.587277
Condo/Co-op,5023 Fuqua St #101,Dallas,TX,75206,429900,2,2.5,Monarch Place,1876,8668,2017,4,229,250,Active,,,http://www.redfin.com/TX/Dallas/5023-Fuqua-St-75206/unit-101/home/169393518,NTREIS,14223288,N,Y,32.811105,-96.7783711
Single Family Residential,10050 Mill Valley Ln,Dallas,TX,75217,135000,3,1.5,Pleasant Valley,900,8189,1970,4,150,,Active,,,http://www.redfin.com/TX/Dallas/10050-Mill-Valley-Ln-75217/home/31053148,NTREIS,14228002,N,Y,32.7133824,-96.6498856
Multi-Family (2-4 Unit),1414 Record Crossing Rd,Dallas,TX,75235,459000,9,6.0,Arlington Park Estates Sec 04,3680,9757,2004,4,125,,Active,,,http://www.redfin.com/TX/Dallas/1414-Record-Crossing-Rd-75235/home/30880360,NTREIS,14223650,N,Y,32.8158494,-96.859576
Single Family Residential,1002 Greenbriar Dr,Garland,TX,75043,210000,4,2.0,New World 02,1482,18687,1969,4,142,,Active,November-23-2019 01:00 PM,November-23-2019 02:30 PM,http://www.redfin.com/TX/Garland/1002-Greenbriar-Dr-75043/home/31438112,NTREIS,14223499,N,Y,32.8494449,-96.6358161
Single Family Residential,4303 Enfield Dr,Dallas,TX,75220,1250000,4,4.5,Midway Northwest Estates,3744,21824,1986,4,334,,Active,,,http://www.redfin.com/TX/Dallas/4303-Enfield-Dr-75220/home/31136777,NTREIS,14228005,N,Y,32.8657191,-96.8353302
Vacant Land,9520 Scyene Rd,Dallas,TX,75227,200000,0,,,,238927,,4,,,Active,,,http://www.redfin.com/TX/Dallas/9520-Scyene-Rd-75227/home/30943337,NTREIS,14226629,N,Y,32.761334,-96.658591
Vacant Land,4729 E Side Ave,Dallas,TX,75226,475000,0,,,,7928,,4,,,Active,,,http://www.redfin.com/TX/Dallas/4729-E-Side-Ave-75214/home/148168510,NTREIS,14228061,N,Y,32.8015093,-96.7535256
Single Family Residential,7323 Oakstone Dr,Dallas,TX,75249,209000,3,2.0,Woods 11,1911,6665,1979,4,109,,Active,,,http://www.redfin.com/TX/Dallas/7323-Oakstone-Dr-75249/home/31116046,NTREIS,14227434,N,Y,32.6323587,-96.9502071
Single Family Residential,6525 Meadowcreek Dr,Dallas,TX,75254,905000,4,4.5,Northwood Hills Estates,4262,21388,1973,4,212,,Active,,,http://www.redfin.com/TX/Dallas/6525-Meadowcreek-Dr-75254/home/31073724,NTREIS,14225434,N,Y,32.945962,-96.7935955
Townhouse,3808 Hawthorne Ave,Dallas,TX,75219,699000,2,2.5,Foresite 08,3338,2526,2000,4,209,,Active,,,http://www.redfin.com/TX/Dallas/3808-Hawthorne-Ave-75219/home/30809590,NTREIS,14225106,N,Y,32.822274,-96.811426
Single Family Residential,9048 Stone Creek Pl,Dallas,TX,75243,399000,3,2.0,Replat Rep Greenville Wood Rev,1999,6795,1982,4,200,,Active,,,http://www.redfin.com/TX/Dallas/9048-Stone-Creek-Pl-75243/home/31070918,NTREIS,14226274,N,Y,32.9051595,-96.7460799
Townhouse,8806 Tudor Pl,Dallas,TX,75228,324900,3,2.5,Villas At Ash Creek,1925,2222,2012,4,169,125,Active,,,http://www.redfin.com/TX/Dallas/8806-Tudor-Pl-75228/home/30781130,NTREIS,14227460,N,Y,32.8133195,-96.6983183
Condo/Co-op,18040 Midway Rd Unit 111DD,Dallas,TX,75287,150000,2,2.0,Midway Villas,1194,,1984,4,126,288,Active,,,http://www.redfin.com/TX/Dallas/18040-Midway-Rd-75287/unit-111DD/home/31996689,NTREIS,14227998,N,Y,32.995254,-96.841869
Single Family Residential,7109 Bluefield Dr,Dallas,TX,75248,385000,4,3.0,Prestonwood,2556,8233,1973,4,151,,Active,,,http://www.redfin.com/TX/Dallas/7109-Bluefield-Dr-75248/home/31079864,NTREIS,14228040,N,Y,32.9724265,-96.7834065
Single Family Residential,2248 Dorrington Dr,Dallas,TX,75228,350000,4,2.0,Somerset Heights,2308,12807,1971,4,152,,Active,,,http://www.redfin.com/TX/Dallas/2248-Dorrington-Dr-75228/home/30966247,NTREIS,14228032,N,Y,32.8068412,-96.7092034
Single Family Residential,7301 Bayberry Ln,Dallas,TX,75249,235000,5,2.5,Sugarberry Hill,1904,9017,1978,4,123,,Active,,,http://www.redfin.com/TX/Dallas/7301-Bayberry-Ln-75249/home/31113613,NTREIS,14228019,N,Y,32.6446977,-96.947942
Single Family Residential,10530 Lakemere Dr,Dallas,TX,75238,369000,3,2.0,Lake Highlands Estates 14,1411,9714,1956,4,262,,Active,,,http://www.redfin.com/TX/Dallas/10530-Lakemere-Dr-75238/home/31006698,NTREIS,14225241,N,Y,32.874747,-96.7041467
Single Family Residential,7434 Centenary Ave,Dallas,TX,75225,925000,3,3.0,Caruth Hills 10,2610,8973,1952,4,354,,Active,November-24-2019 02:00 PM,November-24-2019 04:00 PM,http://www.redfin.com/TX/Dallas/7434-Centenary-Ave-75225/home/30872027,NTREIS,14226547,N,Y,32.8620598,-96.7788879
Single Family Residential,3891 Antigua Cir,Dallas,TX,75244,400000,4,2.0,Meadow Park Inst 09,2134,13896,1968,4,187,,Active,,,http://www.redfin.com/TX/Dallas/3891-Antigua-Cir-75244/home/31094381,NTREIS,14224148,N,Y,32.9204571,-96.8478726
Single Family Residential,7417 La Manga,Dallas,TX,75248,419000,4,3.0,Prestonwood 4,2443,8843,1972,4,172,5,Active,,,http://www.redfin.com/TX/Dallas/7417-La-Manga-Dr-75248/home/31080040,NTREIS,14228008,N,Y,32.9706901,-96.779892
Condo/Co-op,6910 Helsem Way #106,Dallas,TX,75230,495000,3,3.0,Hillcrest Villa Condo,2545,,1974,4,194,439,Active,,,http://www.redfin.com/TX/Dallas/6910-Helsem-Way-75230/unit-106/home/31020235,NTREIS,14227940,N,Y,32.9196201,-96.7861866
Single Family Residential,8260 Milroy Ln,Dallas,TX,75231,607148,3,3.5,Merion at Midtown Park,2410,2309,2018,4,252,127,Active,,,http://www.redfin.com/TX/Dallas/8260-Milroy-Ln-75231/home/143838133,NTREIS,14227978,N,Y,32.8891181,-96.7621956
Single Family Residential,3232 Kiesthill Dr,Dallas,TX,75233,549900,4,3.5,Kiest Forest Rev,3000,16683,1967,4,183,,Active,,,http://www.redfin.com/TX/Dallas/3232-Kiest-Hill-Dr-75233/home/30958266,NTREIS,14227764,N,Y,32.7048527,-96.8804858
Single Family Residential,623 Lake Point Dr,Irving,TX,75039,1125000,5,5.5,Lakes Of Las Colinas Ph 01,5216,11369,2010,4,216,270,Active,,,http://www.redfin.com/TX/Irving/623-Lake-Point-Dr-75039/home/30790098,NTREIS,14225530,N,Y,32.8810941,-96.9347639
Single Family Residential,11124 Yorkspring Dr,Dallas,TX,75218,449500,4,2.5,Lochwood Meadows,2745,10193,1968,4,164,,Active,,,http://www.redfin.com/TX/Dallas/11124-Yorksprings-Pl-75218/home/31045761,NTREIS,14214268,N,Y,32.859929,-96.691746
Single Family Residential,15646 Overmead Cir,Dallas,TX,75248,395000,3,2.0,Prestonwood,2188,7579,1968,4,181,71,Active,,,http://www.redfin.com/TX/Dallas/15646-Overmead-Cir-75248/home/31079053,NTREIS,14224336,N,Y,32.9618164,-96.7823815
Single Family Residential,8640 Reva St,Dallas,TX,75227,140000,4,2.0,Bruton Terrace,1890,7536,1960,4,74,,Active,,,http://www.redfin.com/TX/Dallas/8640-Reva-St-75227/home/30912634,NTREIS,14226859,N,Y,32.7550446,-96.6719563
Single Family Residential,13334 Flagstone Ln,Dallas,TX,75240,230000,3,2.0,Spring Valley Park 02,1497,8494,1957,4,154,,Active,,,http://www.redfin.com/TX/Dallas/13334-Flagstone-Ln-75240/home/31026026,NTREIS,14227767,N,Y,32.9296131,-96.7727172
Single Family Residential,2247 Macon St,Dallas,TX,75215,130000,3,1.0,Ervay Cedars Add,1120,6142,1923,4,116,,Active,,,http://www.redfin.com/TX/Dallas/2247-Macon-St-75215/home/30817005,NTREIS,14227912,N,Y,32.7476044,-96.757307
Townhouse,1947 Lantana Ln,Irving,TX,75063,299000,3,2.5,Emerald Valley Ph 03,1931,2309,2007,5,155,181,Active,,,http://www.redfin.com/TX/Irving/1947-Lantana-Ln-75063/home/30768580,NTREIS,14227054,N,Y,32.9233967,-96.9694637
Single Family Residential,7328 Wild Valley Dr,Dallas,TX,75231,390000,3,2.0,University Manor,1650,8146,1955,5,236,,Active,,,http://www.redfin.com/TX/Dallas/7328-Wild-Valley-Dr-75231/home/30871250,NTREIS,14227943,N,Y,32.8581641,-96.7361654
Single Family Residential,2219 Kathleen Ave,Dallas,TX,75216,175000,4,2.0,Easterview,1450,6665,1949,5,121,,Active,,,http://www.redfin.com/TX/Dallas/2219-Kathleen-Ave-75216/home/30887062,NTREIS,14227868,N,Y,32.7049972,-96.7916287
Condo/Co-op,3045 Park Ln #1034,Dallas,TX,75220,110000,2,2.0,Park Lane Twnhms Ph 01,969,397485,1969,5,114,532,Active,,,http://www.redfin.com/TX/Dallas/3045F-Park-Ln-75220/unit-1034/home/30932897,NTREIS,14227866,N,Y,32.875977,-96.8752641
Single Family Residential,4613 Burdock Dr,Garland,TX,75043,239000,3,2.0,Candlestick Cove 02,1933,8015,1978,5,124,,Active,November-19-2019 08:00 AM,November-19-2019 08:00 PM,http://www.redfin.com/TX/Garland/4613-Burdock-Dr-75043/home/31358658,NTREIS,14217139,N,Y,32.8608352,-96.5616163
Single Family Residential,2819 Meadow Way Ln,Dallas,TX,75228,196350,3,2.5,Ash Creek Add,1551,5271,1994,5,127,,Active,,,http://www.redfin.com/TX/Dallas/2819-Meadow-Way-Ln-75228/home/31149486,NTREIS,14227518,N,Y,32.8133849,-96.6795377
Single Family Residential,8226 Callimont Ln,Dallas,TX,75231,439900,2,2.5,Merion at Midtown Park,1594,1742,2019,5,276,121,Active,,,http://www.redfin.com/TX/Dallas/Unknown-75231/home/143838177,NTREIS,14227805,N,Y,32.889921,-96.762622
Single Family Residential,3616 Highpoint Dr,Rockwall,TX,75087,329900,3,2.5,Lakeside Village #4,2209,6621,1992,5,149,128,Active,,,http://www.redfin.com/TX/Rockwall/3616-Highpoint-Dr-75087/home/33912821,NTREIS,14227618,N,Y,32.899917,-96.479498
Single Family Residential,10118 Branwood Ln,Dallas,TX,75243,289900,3,2.0,Richland Meadows,2018,12676,1976,5,144,,Active,November-23-2019 01:00 PM,November-23-2019 03:00 PM,http://www.redfin.com/TX/Dallas/10118-Branwood-Ln-75243/home/31102195,NTREIS,14227785,N,Y,32.9186921,-96.7094959
Single Family Residential,6337 Green Valley Dr,Garland,TX,75043,198900,3,2.0,Oaks 02,1436,7318,1975,5,139,,Active,,,http://www.redfin.com/TX/Garland/6337-Green-Valley-Dr-75043/home/31452181,NTREIS,14223278,N,Y,32.8373545,-96.583156
Condo/Co-op,2787 Bradford Dr Unit 4805A,Dallas,TX,75219,200000,2,1.5,Montebella Condos,1051,227645,1955,5,190,299,Active,,,http://www.redfin.com/TX/Dallas/4805A-Bradford-Dr-75219/unit-4805A/home/30765207,NTREIS,14227462,N,Y,32.816583,-96.8235808
Single Family Residential,1562 N Atoll Dr,Dallas,TX,75216,165000,3,2.0,Cedar Crest Village 02,1430,7928,1949,5,115,,Active,,,http://www.redfin.com/TX/Dallas/1562-N-Atoll-Dr-75216/home/30903968,NTREIS,14227777,N,Y,32.7150677,-96.8010865
Single Family Residential,1618 Lebanon Ave,Dallas,TX,75208,245000,3,2.0,Guerrants Sub,1210,7492,1950,5,202,,Active,,,http://www.redfin.com/TX/Dallas/1618-Lebanon-Ave-75208/home/30842779,NTREIS,14224659,N,Y,32.7322427,-96.8477187
Single Family Residential,8006 Claremont Dr,Dallas,TX,75228,265000,3,2.0,Claremont 01 Inst,1710,12981,1960,5,155,,Active,,,http://www.redfin.com/TX/Dallas/8006-Claremont-Dr-75228/home/30967067,NTREIS,14227750,N,Y,32.7984797,-96.7096631
Single Family Residential,5526 Winton St,Dallas,TX,75206,559000,3,2.5,Kelmans,2486,3920,2006,5,225,,Active,,,http://www.redfin.com/TX/Dallas/5526-Winton-St-75206/home/30773383,NTREIS,14227506,N,Y,32.835347,-96.772523
Single Family Residential,7611 Marquette St,Dallas,TX,75225,885000,3,2.5,Caruth Village,3318,4879,1985,5,267,67,Active,,,http://www.redfin.com/TX/Dallas/7611-Marquette-St-75225/home/31135087,NTREIS,14227193,N,Y,32.8616994,-96.7762313
Condo/Co-op,6220 Bentwood Trl #207,Dallas,TX,75252,225500,2,2.5,Bent Trail Twnhms,1083,,1984,5,208,285,Active,,,http://www.redfin.com/TX/Dallas/6220-Bentwood-Trl-75252/unit-207/home/32184559,NTREIS,14227213,N,Y,33.0026393,-96.7982712
Single Family Residential,7005 Wax Berry Dr,Dallas,TX,75249,199000,4,2.0,Woodberry Creek,1610,4269,2017,5,124,,Active,,,http://www.redfin.com/TX/Dallas/7005-Wax-Berry-Dr-75249/home/30744271,NTREIS,14227133,N,Y,32.6352198,-96.9439724
Single Family Residential,4928 Eastgate Cir,Dallas,TX,75216,150000,3,1.5,Horizon Estates,1139,8102,1960,5,132,,Active,,,http://www.redfin.com/TX/Dallas/4928-Eastgate-Cir-75216/home/30852475,NTREIS,14225507,N,Y,32.6894791,-96.7886577
Townhouse,4303 Cabell Dr,Dallas,TX,75204,380000,2,2.0,Peak Street Twnhms Add,1748,1568,2001,5,217,75,Active,,,http://www.redfin.com/TX/Dallas/4303-Cabell-Dr-75204/home/32255996,NTREIS,14221702,N,Y,32.804788,-96.785891
Single Family Residential,2510 S Marsalis Ave,Dallas,TX,75216,155000,3,1.0,Trinity Heights,1196,7492,1924,5,130,,Active,,,http://www.redfin.com/TX/Dallas/2510-S-Marsalis-Ave-75216/home/30834148,NTREIS,14227638,N,Y,32.7174695,-96.8142711
Condo/Co-op,7031 Holly Hill Dr #4,Dallas,TX,75231,187500,2,2.5,Holly Hill Twnhms Ph 02,1283,55103,1979,5,146,250,Active,,,http://www.redfin.com/TX/Dallas/7031-Holly-Hill-Dr-75231/unit-4/home/30858640,NTREIS,14227586,N,Y,32.8731839,-96.7625461
Single Family Residential,4248 Mendenhall Dr,Dallas,TX,75244,539000,4,3.5,Hockaday Manor 02,2470,16161,1963,5,218,,Active,,,http://www.redfin.com/TX/Dallas/4248-Mendenhall-Dr-75244/home/30926562,NTREIS,14225353,N,Y,32.9098974,-96.8362574
Single Family Residential,4675 Beverly Dr,Highland Park,TX,75209,1599000,4,4.5,Highland Park,5315,11848,1936,5,301,,Active,,,http://www.redfin.com/TX/Dallas/4675-Beverly-Dr-75209/home/32070157,NTREIS,14227602,N,Y,32.8320665,-96.8186612
Single Family Residential,10306 Lippitt Ave,Dallas,TX,75218,515000,3,4.0,Eastwood Estates,2249,9148,1960,5,229,,Active,,,http://www.redfin.com/TX/Dallas/10306-Lippitt-Ave-75218/home/30866808,NTREIS,14227484,N,Y,32.8488957,-96.7020991
Single Family Residential,14949 Hillcrest Rd,Dallas,TX,75248,474900,4,3.0,Prestonwood,2806,11631,1969,5,169,,Active,,,http://www.redfin.com/TX/Dallas/14949-Hillcrest-Rd-75248/home/31075664,NTREIS,14227346,N,Y,32.9532247,-96.7869212
Single Family Residential,6004 White Rose Trl,Dallas,TX,75248,465500,4,3.0,Prestonwood,2629,10237,1979,5,177,,Active,November-19-2019 01:00 PM,November-19-2019 07:00 PM,http://www.redfin.com/TX/Dallas/6004-White-Rose-Trl-75248/home/31110364,NTREIS,14218734,N,Y,32.9569259,-96.8042464
Single Family Residential,6815 Stichter Ave,Dallas,TX,75230,1949000,5,5.5,Crestmanor Estates,5218,13286,2019,5,374,,Active,,,http://www.redfin.com/TX/Dallas/6815-Stichter-Ave-75230/home/30875055,NTREIS,14227538,N,Y,32.8813209,-96.7879448
Condo/Co-op,4211 Rawlins St #349,Dallas,TX,75219,409000,2,2.5,Palo Alto Twnhms Condo,1628,110250,2006,5,251,345,Active,,,http://www.redfin.com/TX/Dallas/4211-Rawlins-St-75219/unit-349/home/32395095,NTREIS,14225745,N,Y,32.8148392,-96.8113537
Vacant Land,1103 Hendricks Ave,Dallas,TX,75216,60000,0,,Brentwood Addition,,,,5,,,Active,,,http://www.redfin.com/TX/Dallas/1103-Hendricks-Ave-75216/home/30829116,NTREIS,14227521,N,Y,32.738489,-96.807239
Single Family Residential,318 S Montreal Ave,Dallas,TX,75208,455000,4,3.0,Sunset Hill,2152,7667,1940,5,211,,Active,,,http://www.redfin.com/TX/Dallas/318-S-Montreal-Ave-75208/home/30831035,NTREIS,14227520,N,Y,32.7424465,-96.8538317
Single Family Residential,810 Trinity Ln,Dallas,TX,75241,129000,3,2.5,Wisdom Terrace Ph 03,1424,5009,2004,5,91,,Active,November-23-2019 10:00 AM,November-23-2019 02:00 PM,http://www.redfin.com/TX/Dallas/810-Trinity-Ln-75241/home/30730840,NTREIS,14227519,N,Y,32.6549946,-96.8121781
Single Family Residential,2703 Hillglenn Rd,Dallas,TX,75228,325000,4,2.0,Shiloh Park,1785,8146,2017,5,182,,Active,December-1-2019 03:30 PM,December-1-2019 05:00 PM,http://www.redfin.com/TX/Dallas/2703-Hillglenn-Rd-75228/home/31002540,NTREIS,14227436,N,Y,32.8262695,-96.6678631
Single Family Residential,4447 Irvin Simmons Dr,Dallas,TX,75229,2725000,5,6.5,Luna Park Estates,6802,21867,2019,5,401,,Active,,,http://www.redfin.com/TX/Dallas/4447-Irvin-Simmons-Dr-75229/home/30877368,NTREIS,14226665,N,Y,32.8966112,-96.831568
Single Family Residential,6009 Davenport Rd,Dallas,TX,75248,299000,3,2.0,Preston Port Estates,2295,7623,1977,5,130,,Active,,,http://www.redfin.com/TX/Dallas/6009-Davenport-Rd-75248/home/31084952,NTREIS,14218942,N,Y,32.976525,-96.8030745
Condo/Co-op,3130 N Harwood St #1604,Dallas,TX,75201,1375000,3,3.0,Bleu Ciel Condo,1903,,2018,5,723,1240,Active,,,http://www.redfin.com/TX/Dallas/3130-N-Harwood-St-75201/unit-1604/home/169392394,NTREIS,14223413,N,Y,32.7970118,-96.8112353
Single Family Residential,4342 Shady Bend Dr,Dallas,TX,75244,425000,4,3.0,Forest Glen Sec 04,2561,13460,1970,5,166,,Active,,,http://www.redfin.com/TX/Dallas/4342-Shady-Bend-Dr-75244/home/31097162,NTREIS,14217828,N,Y,32.9170699,-96.8365027
Single Family Residential,3439 Timberview Rd,Dallas,TX,75229,350000,3,2.0,Timberbrook 4th Inst,1663,,1956,5,210,,Active,,,http://www.redfin.com/TX/Dallas/3439-Timberview-Rd-75229/home/30929314,NTREIS,14225972,N,Y,32.8841537,-96.8637637
Single Family Residential,411 Monte Vista Dr,Dallas,TX,75223,650000,3,2.0,Collier Anx,1897,6882,1926,5,343,,Active,,,http://www.redfin.com/TX/Dallas/411-Monte-Vista-Dr-75223/home/30812885,NTREIS,14226614,N,Y,32.8069601,-96.7446088
Single Family Residential,3102 Carpenter Ave,Dallas,TX,75215,60000,3,1.0,Meadow,1646,7492,1933,5,36,,Active,,,http://www.redfin.com/TX/Dallas/3102-Carpenter-Ave-75215/home/30804213,NTREIS,14227340,N,Y,32.7611445,-96.7519252
Condo/Co-op,1116 Signal Ridge Pl,Rockwall,TX,75032,219900,3,2.0,Signal Ridge #3,1825,5401,1985,5,120,220,Active,,,http://www.redfin.com/TX/Rockwall/1116-Signal-Ridge-Pl-75032/home/33934066,NTREIS,14225969,N,Y,32.8859865,-96.4785305
Condo/Co-op,5200 Martel Ave Unit 3P,Dallas,TX,75206,225000,1,1.5,MONTICELLO CROSSROADS,952,261752,1981,5,236,328,Active,,,http://www.redfin.com/TX/Dallas/5200-Martel-Ave-75206/unit-3P/home/31175925,NTREIS,14227040,N,Y,32.831543,-96.780064
Single Family Residential,12536 Planters Glen Dr,Dallas,TX,75244,564900,4,3.5,Inwood North Estates,2952,11456,1967,5,191,,Active,,,http://www.redfin.com/TX/Dallas/12536-Planters-Glen-Dr-75244/home/31099173,NTREIS,14227296,N,Y,32.9199067,-96.8210738
Single Family Residential,8366 Forest Hills Blvd,Dallas,TX,75218,1049500,4,3.0,Forest Hills,3945,25003,1997,5,266,,Active,,,http://www.redfin.com/TX/Dallas/8366-Forest-Hills-Blvd-75218/home/30860243,NTREIS,14227285,N,Y,32.8158244,-96.7151382
Single Family Residential,1429 El Campo Dr,Dallas,TX,75218,669000,2,2.0,Casa Linda Estates,2125,20212,1940,5,315,,Active,,,http://www.redfin.com/TX/Dallas/1429-El-Campo-Dr-75218/home/30861203,NTREIS,14222741,N,Y,32.8260496,-96.7019737
Single Family Residential,5231 Terry St,Dallas,TX,75223,200000,2,1.0,Caldwells R D,1002,7231,1948,5,200,,Active,,,http://www.redfin.com/TX/Dallas/5231-Terry-St-75223/home/30796401,NTREIS,14227291,N,Y,32.7957557,-96.7571094
Single Family Residential,4527 Goodfellow Dr,Dallas,TX,75229,689950,4,4.0,North Highland Estates,3038,16335,1964,5,227,,Active,,,http://www.redfin.com/TX/Dallas/4527-Goodfellow-Dr-75229/home/30926617,NTREIS,14227282,N,Y,32.9092076,-96.8312367
Single Family Residential,5237 Terry St,Dallas,TX,75223,250000,3,2.0,Caldwells R D,1922,10890,1920,5,130,,Active,,,http://www.redfin.com/TX/Dallas/5237-Terry-St-75223/home/30796402,NTREIS,14227283,N,Y,32.7958965,-96.756942
Single Family Residential,5138 Vanderbilt Ave,Dallas,TX,75206,825000,4,3.0,Greenland Hills,3100,7231,1926,5,266,,Active,,,http://www.redfin.com/TX/Dallas/5138-Vanderbilt-Ave-75206/home/30812043,NTREIS,14227279,N,Y,32.8242742,-96.783016
Townhouse,857 N Glasgow Dr Unit C,Dallas,TX,75214,489000,3,2.5,Villa Bellamini 2nd Revision,2342,4225,2008,5,209,,Active,,,http://www.redfin.com/TX/Dallas/857-N-Glasgow-Dr-75214/unit-C/home/40149136,NTREIS,14226965,N,Y,32.8098884,-96.7569882
Single Family Residential,9303 Crestlake Dr,Dallas,TX,75238,449900,3,2.5,Lake Ridge Estates,1953,9365,1959,5,230,,Active,,,http://www.redfin.com/TX/Dallas/9303-Crestlake-Dr-75238/home/31031980,NTREIS,14218898,N,Y,32.873898,-96.7175206
Multi-Family (2-4 Unit),4411 Roseland Ave,Dallas,TX,75204,514000,3,3.0,Ross Ave,2170,3267,2008,5,237,,Active,,,http://www.redfin.com/TX/Dallas/4411-Roseland-Ave-75204/home/32395055,NTREIS,14226349,N,Y,32.803347,-96.782041
Single Family Residential,6 Collinway Pl,Dallas,TX,75230,1169000,4,4.5,Downs Of Hillcrest Ph 02,4838,10237,1998,5,242,405,Active,,,http://www.redfin.com/TX/Dallas/6-Collinway-Pl-75230/home/31150390,NTREIS,14222325,N,Y,32.9215917,-96.7885113
Single Family Residential,3135 Royal Gable Dr,Dallas,TX,75229,229000,3,2.0,Gables at Royal Lane,1229,3049,1983,5,186,65,Active,,,http://www.redfin.com/TX/Dallas/3135-Royal-Gable-Dr-75229/home/31141573,NTREIS,14215681,N,Y,32.896427,-96.872901
Townhouse,4100 Travis St #5,Dallas,TX,75204,425000,2,2.5,Travis Street Condos 4100,2060,34369,1999,6,206,352,Active,,,http://www.redfin.com/TX/Dallas/4100-Travis-St-75204/unit-5/home/32199150,NTREIS,14222937,N,Y,32.8149835,-96.7946572
Condo/Co-op,845 Dublin Dr #3,Richardson,TX,75080,174000,3,2.5,Waterfall Crossing Condo,1304,427324,1980,6,133,285,Active,,,http://www.redfin.com/TX/Richardson/845-Dublin-Dr-75080/unit-3/home/31988046,NTREIS,14226378,N,Y,32.9438643,-96.7627854
Single Family Residential,117 Walnut Dr,Seagoville,TX,75159,180000,4,2.0,Oakridge Estates,1491,6011,2001,6,121,,Active,,,http://www.redfin.com/TX/Seagoville/117-Walnut-Dr-75159/home/32276028,NTREIS,14227048,N,Y,32.6670434,-96.588078
Townhouse,13861 Leinsper Green St,Dallas,TX,75240,215000,3,2.5,Brookgreen Townhosue 02,1650,3136,1969,6,130,246,Active,,,http://www.redfin.com/TX/Dallas/13861-Leinsper-Green-Dr-75240/home/31047684,NTREIS,14225622,N,Y,32.933574,-96.766005
Single Family Residential,1631 Thomaswood Ln,Dallas,TX,75253,159900,3,1.0,Highland Vista Estates,1208,5009,1986,6,132,,Active,,,http://www.redfin.com/TX/Dallas/1631-Thomaswood-Ln-75253/home/31159241,NTREIS,14226341,N,Y,32.6833759,-96.6027524
Single Family Residential,17832 River Chase Dr,Dallas,TX,75287,275000,4,2.0,Bent Tree Hills,2214,7492,1994,6,124,,Active,,,http://www.redfin.com/TX/Dallas/17832-River-Chase-Dr-75287/home/32835321,NTREIS,14227083,N,Y,32.9926722,-96.8505531
Single Family Residential,730 Elkhart Ave,Dallas,TX,75217,209900,3,2.0,Home Garden Add #3,1900,7231,2016,6,110,,Active,,,http://www.redfin.com/TX/Dallas/730-Elkhart-Ave-75217/home/30918729,NTREIS,14222945,N,Y,32.7255726,-96.7128812
Condo/Co-op,3730 Holland Ave Unit 2B,Dallas,TX,75219,695000,3,3.5,Holland Condo 3730,3146,,1973,6,221,839,Active,,,http://www.redfin.com/TX/Dallas/3730-Holland-Ave-75219/unit-2B/home/30794853,NTREIS,14226731,N,Y,32.8131987,-96.8031596
Single Family Residential,9142 Cochran Heights Dr,Dallas,TX,75220,449900,2,2.5,Cochran Chapel Heights,2092,5053,1981,6,215,,Active,,,http://www.redfin.com/TX/Dallas/9142-Cochran-Heights-Dr-75220/home/30855859,NTREIS,14224320,N,Y,32.8631758,-96.8441669
Single Family Residential,2629 Milton Ave,University Park,TX,75205,1395000,5,4.5,Summitt Lawn,4538,7492,1996,6,307,,Active,,,http://www.redfin.com/TX/Dallas/2629-Milton-Ave-75205/home/32099520,NTREIS,14227030,N,Y,32.848525,-96.7732236
Condo/Co-op,4218 Newton #3,Dallas,TX,75219,265000,2,1.5,4218 NEWTON CONDOMINIUM,963,,1979,6,275,171,Active,,,http://www.redfin.com/TX/Dallas/4218-Newton-Ave-75219/unit-3/home/30799652,NTREIS,14223517,N,Y,32.8184584,-96.8041168
Condo/Co-op,3400 Welborn St #418,Dallas,TX,75219,210000,1,1.0,Wyndemere Condo,758,71569,1998,6,277,398,Active,,,http://www.redfin.com/TX/Dallas/3400-Welborn-St-75219/unit-418/home/32198811,NTREIS,14226553,N,Y,32.8099817,-96.8055298
Vacant Land,905 Bayonne St,Dallas,TX,75212,175000,0,,Z E Coombs West End,,7100,,6,,,Active,,,http://www.redfin.com/TX/Dallas/905-Bayonne-St-75212/home/30988214,NTREIS,14221898,N,Y,32.775934,-96.837182
Single Family Residential,11227 Sinclair Ave,Dallas,TX,75218,290000,3,2.0,Lochwood,1593,9278,1955,6,182,,Active,,,http://www.redfin.com/TX/Dallas/11227-Sinclair-Ave-75218/home/30863763,NTREIS,14226112,N,Y,32.8532001,-96.6859919
Single Family Residential,2618 Sharpview Ln,Dallas,TX,75228,349900,5,2.5,Buckner Terrace 2nd Sec 3rd Inst,2375,11500,1963,6,147,,Active,,,http://www.redfin.com/TX/Dallas/2618-Sharpview-Ln-75228/home/31102349,NTREIS,14218213,N,Y,32.7958943,-96.7063198
Single Family Residential,9427 Hilldale Dr,Dallas,TX,75231,659000,4,2.5,Rolling Trails,3061,8668,1978,6,215,,Active,,,http://www.redfin.com/TX/Dallas/9427-Hilldale-Dr-75231/home/31069602,NTREIS,14217824,N,Y,32.8897363,-96.7404901
Condo/Co-op,3940 Buena Vista St #304,Dallas,TX,75204,289500,2,1.5,Cambrick Place Condo,1046,33498,1981,6,277,215,Active,,,http://www.redfin.com/TX/Dallas/3940-Buena-Vista-St-75204/unit-304/home/31123899,NTREIS,14226782,N,Y,32.8127765,-96.7968195
Single Family Residential,2842 Duval Dr,Dallas,TX,75211,399900,3,2.0,Ravinia Heights,2346,11805,1949,6,170,,Active,,,http://www.redfin.com/TX/Dallas/2842-Duval-Dr-75211/home/30847980,NTREIS,14226669,N,Y,32.7439189,-96.8677905
Single Family Residential,10849 Dixon Branch Dr,Dallas,TX,75218,490000,3,2.5,Enclave & Wyrick Estates,3143,6229,2012,6,156,67,Active,,,http://www.redfin.com/TX/Dallas/10849-Dixon-Branch-Dr-75218/home/30764005,NTREIS,14226926,N,Y,32.8639266,-96.6953507
Condo/Co-op,6211 W Northwest Hwy #1905,Dallas,TX,75225,359000,1,2.0,Preston Tower Condos,1132,185478,1966,6,317,835,Active,,,http://www.redfin.com/TX/Dallas/6211-W-Northwest-Hwy-75225/unit-1905/home/30874189,NTREIS,14225786,N,Y,32.8657656,-96.8003968
Single Family Residential,9951 La Prada Dr,Dallas,TX,75228,229000,4,2.5,Shiloh Park 02,1606,9714,1958,6,143,,Active,,,http://www.redfin.com/TX/Dallas/9951-La-Prada-Dr-75228/home/31009170,NTREIS,14225817,N,Y,32.8253265,-96.6629141
Single Family Residential,8917 Rustown Dr,Dallas,TX,75228,159900,3,1.5,Cloverdale 05,1156,8015,1957,6,138,,Active,,,http://www.redfin.com/TX/Dallas/8917-Rustown-Dr-75228/home/31001515,NTREIS,14218450,N,Y,32.8148549,-96.6778876
Multi-Family (2-4 Unit),3113 Oliver Ave #3,Dallas,TX,75205,1200000,7,5.0,Rodriguez Oliver,4308,5009,2005,6,279,,Active,,,http://www.redfin.com/TX/Dallas/3113-Oliver-St-75205/unit-3/home/169790175,NTREIS,14226617,N,Y,32.819457,-96.790001
Single Family Residential,3332 Ivy Dr,Mesquite,TX,75150,300000,5,2.0,St Andrews 07,2130,11108,1962,6,141,,Active,,,http://www.redfin.com/TX/Mesquite/3332-Ivy-Dr-75150/home/31887070,NTREIS,14226299,N,Y,32.8338977,-96.6469211
Single Family Residential,7908 Woodshire Dr,Dallas,TX,75232,159900,4,2.0,Polk Terrace 10,1248,12458,1960,6,128,,Active,,,http://www.redfin.com/TX/Dallas/7908-Woodshire-Dr-75232/home/31029683,NTREIS,14226722,N,Y,32.6517711,-96.8391409
Single Family Residential,6829 Marla Dr,Dallas,TX,75217,209000,3,2.0,Pleasantwood,1469,7623,1960,6,142,,Active,,,http://www.redfin.com/TX/Dallas/6829-Marla-Dr-75217/home/30919655,NTREIS,14226780,N,Y,32.7146747,-96.7037811
Townhouse,423 Trinity River Cir,Dallas,TX,75203,479000,2,2.5,Trinity Twnhms,2056,1568,2006,6,233,110,Active,,,http://www.redfin.com/TX/Dallas/423-Trinity-River-Cir-75203/home/30773710,NTREIS,14226757,N,Y,32.763018,-96.815763
Single Family Residential,11136 Cactus Ln,Dallas,TX,75238,389000,3,2.0,Barkley Square,1850,7754,1973,6,210,,Active,,,http://www.redfin.com/TX/Dallas/11136-Cactus-Ln-75238/home/31044661,NTREIS,14226121,N,Y,32.8683466,-96.6901907
Condo/Co-op,6303 Richmond Ave #209,Dallas,TX,75214,379000,3,2.5,Richmond Condos,1826,24742,1984,6,208,373,Active,,,http://www.redfin.com/TX/Dallas/6303-Richmond-Ave-75214/unit-209/home/31183424,NTREIS,14225272,N,Y,32.8163264,-96.7559046
Townhouse,5981 Morning Star Pl,Dallas,TX,75235,450000,3,3.5,Kimsey Place,1993,1612,2017,6,226,100,Active,,,http://www.redfin.com/TX/Dallas/5981-Morning-Star-Pl-75235/home/110137322,NTREIS,14226632,N,Y,32.8244035,-96.83827
Single Family Residential,4339 Crowley Dr,Dallas,TX,75229,1199000,4,4.0,WALNUT HILL RIDGE,4674,18295,1952,6,257,,Active,,,http://www.redfin.com/TX/Dallas/4339-Crowley-Dr-75229/home/30878698,NTREIS,14226656,N,Y,32.8847639,-96.8357908
Single Family Residential,2515 San Paula Ave,Dallas,TX,75228,214900,3,1.0,Casa View Oaks 02,1096,7536,1953,6,196,,Active,,,http://www.redfin.com/TX/Dallas/2515-San-Paula-Ave-75228/home/30969043,NTREIS,14225572,N,Y,32.8323084,-96.6718519
Condo/Co-op,3030 Mckinney Ave #403,Dallas,TX,75204,410000,2,2.0,La Tour Condominiums,1353,65601,1981,6,303,984,Active,,,http://www.redfin.com/TX/Dallas/3030-McKinney-Ave-75204/unit-403/home/31174052,NTREIS,14226596,N,Y,32.8011973,-96.8007328
Multi-Family (2-4 Unit),1906 Lucille St,Dallas,TX,75204,499900,3,2.5,Mayos,2143,6273,2019,6,233,,Active,,,http://www.redfin.com/TX/Dallas/1906-Lucille-St-75204/home/169788505,NTREIS,14226321,N,Y,32.8011419,-96.7863376
Single Family Residential,4636 Belclaire Ave,Highland Park,TX,75209,1839000,4,5.0,Highland Park West 09,5169,7405,2007,6,356,,Active,,,http://www.redfin.com/TX/Dallas/4636-Belclaire-Ave-75209/home/32070064,NTREIS,14225983,N,Y,32.8297754,-96.817365
Multi-Family (2-4 Unit),6137 Reiger Ave,Dallas,TX,75214,499000,4,,Hill Crest,2728,6186,1937,6,183,,Active,,,http://www.redfin.com/TX/Dallas/6137-Reiger-Ave-75214/home/30802367,NTREIS,14225050,N,Y,32.808051,-96.7498272
Single Family Residential,18932 Voss Rd,Dallas,TX,75287,315000,3,2.0,Northpointe II,1898,5227,1986,6,166,,Active,,,http://www.redfin.com/TX/Dallas/18932-Voss-Rd-75287/home/32022041,NTREIS,14224776,N,Y,33.0090378,-96.8375496
Single Family Residential,4339 N Hall St,Dallas,TX,75219,675000,2,2.0,Perry Heights,2290,7362,1925,6,295,,Active,,,http://www.redfin.com/TX/Dallas/4339-N-Hall-St-75219/home/30810032,NTREIS,14215050,N,Y,32.8161141,-96.8145209
Single Family Residential,4207 Camden Ave,Dallas,TX,75206,699990,4,2.5,Montebello Park,2802,6142,1939,6,250,,Active,,,http://www.redfin.com/TX/Dallas/4207-Camden-Ave-75206/home/30822127,NTREIS,14225073,N,Y,32.8368986,-96.7637184
Single Family Residential,11524 Royalshire Dr,Dallas,TX,75230,2500000,5,6.0,Preston Haven Estates,5948,23305,2018,6,420,,Active,,,http://www.redfin.com/TX/Dallas/11524-Royalshire-Dr-75230/home/30925922,NTREIS,14206636,N,Y,32.9070319,-96.8004549
Single Family Residential,11726 Abston Ln,Dallas,TX,75218,214900,3,1.0,Gaston Park,1404,7144,1952,6,153,,Active,,,http://www.redfin.com/TX/Dallas/11726-Abston-Ln-75218/home/30934433,NTREIS,14224838,N,Y,32.862346,-96.6777414
Single Family Residential,8823 Groveland,Dallas,TX,75218,475000,3,2.0,Lakeland Terrace,1583,8146,1985,6,300,,Active,,,http://www.redfin.com/TX/Dallas/8823-Groveland-Dr-75218/home/30860458,NTREIS,14226430,N,Y,32.8189216,-96.7031856
Single Family Residential,4426 Jamaica St,Dallas,TX,75210,185000,3,2.5,Magnolia Park,1393,4312,2019,7,133,,Active,,,http://www.redfin.com/TX/Dallas/4426-Jamaica-St-75210/home/30815858,NTREIS,14217467,N,Y,32.776573,-96.745209
Single Family Residential,6619 Leaning Oaks St,Dallas,TX,75241,198000,3,2.5,Cedar Creek Ranch Ph 01,3059,7013,2006,7,65,,Active,,,http://www.redfin.com/TX/Dallas/6619-Leaning-Oaks-St-75241/home/30743661,NTREIS,14225961,N,Y,32.6558977,-96.7678647
Single Family Residential,9703 Vinewood Dr,Dallas,TX,75228,499000,3,2.5,Oates Drive Estates,2395,10367,1995,7,208,,Active,,,http://www.redfin.com/TX/Dallas/9703-Vinewood-Dr-75228/home/31149721,NTREIS,14225001,N,Y,32.8220199,-96.6887284
