Id,Player,Team,Salary,Position,GamesPlayed,MinutesPerGame,FGMade,FGAttempts,3PMade,3pAttempts,FTMade,FTAttempts,Turnovers,Fouls,OffensiveRebounds,DefensiveRebounds,Rebounds,Assists,Steals,Blocks,Points
1,Aaron Gordon,ORL,19863636,Power Forward,18,30.7,5.1,11.7,1.3,4,2.4,3.4,1.3,2.2,1.5,5.1,6.6,2.9,0.7,0.4,13.8
2,Aaron Holiday,IND,2239200,Point Guard,19,21.3,3.4,8.7,1.5,3.8,0.5,0.5,1.4,1.6,0.5,2.1,2.6,2.8,0.9,0.1,8.8
3,Abdel Nader,OKC,1618520,Small Forward,13,14.3,2.4,4.8,1,2.5,1.1,1.4,1.1,1.1,0.3,1.5,1.8,0.6,0.2,0.3,6.8
4,Al Horford,PHI,28000000,Center,19,31.4,5.9,12.2,1.5,3.9,1.3,1.8,1.2,2.2,1.9,5.1,7.1,4.1,1.1,1,14.5
5,Alec Burks,GSW,1620564,Shooting Guard,20,29.2,5,12.2,1.4,4.2,3.5,4,1.4,2.2,0.7,3.8,4.4,2.8,1,0.3,15
6,Alex Caruso,LAL,2750000,Point Guard,20,20,2,4.6,0.7,2.1,0.4,0.6,1.1,1.6,0.1,1.9,2,1.9,1.1,0.3,5
7,Alex Len,ATL,4160000,Center,21,16.7,2.9,5.7,0.2,1.2,1.3,2,1,2.1,1.3,3.2,4.5,0.9,0.5,0.8,7.3
8,Al-Farouq Aminu,ORL,9258000,Power Forward,18,21.1,1.4,4.8,0.5,2,1.1,1.6,0.9,1.5,1.3,3.5,4.8,1.2,1,0.4,4.3
9,Alfonzo McKinnie,CLE,1588231,Power Forward,14,11.1,1.1,2.8,0.5,1.3,0.4,0.6,0.4,1.3,0.4,1.7,2.1,0.2,0.4,0.2,3.1
10,Allen Crabbe,ATL,18500000,Shooting Guard,10,18.9,2,5.4,0.8,3.3,0.5,0.7,0.4,0.7,0.5,2.2,2.7,0.9,0.5,0.2,5.3
11,Allonzo Trier,NYK,3551100,Shooting Guard,10,13.6,2.2,4.3,1.2,2.6,2.1,2.6,1.5,2.1,0.1,1.4,1.5,1.4,0.2,0.3,7.7
12,Andre Drummond,DET,27093019,Center,22,33.9,7.4,13.5,0,0.5,2.6,4.2,3.9,3.8,4.6,12.1,16.8,3.2,1.7,2,17.3
13,Andrew Wiggins,MIN,27504630,Small Forward,17,34.8,9.3,20.6,2.3,6.6,4,5.6,1.9,2.4,1.3,4.1,5.4,3.4,0.6,1.3,24.9
14,Anfernee Simons,POR,2149560,Shooting Guard,22,21.6,3.7,8.9,1.4,4.1,1.2,1.7,1.1,2,0.2,1.6,1.8,1.6,0.5,0.1,10
15,Anthony Davis,LAL,27093019,Power Forward,21,34.3,9,18.5,1.1,3.2,6.9,8,2.3,2.4,2.5,6.6,9.1,3.2,1.4,2.7,26
16,Anthony Tolliver,POR,1620564,Power Forward,16,16.9,1.1,3.6,0.8,2.9,0.6,0.7,0.6,1.3,0.6,2.6,3.2,0.7,0.2,0.4,3.5
17,Aron Baynes,PHX,5453280,Center,13,24,5.5,9.7,1.9,4.4,1.8,2.6,1.1,3.9,1.5,4.2,5.7,2.9,0.3,0.7,14.7
18,Austin Rivers,HOU,2174318,Shooting Guard,20,24.7,3,7.2,1.4,4.2,1,1.4,0.7,1.9,0.8,1.9,2.7,1.4,0.5,0.1,8.4
19,Avery Bradley,LAL,4767000,Shooting Guard,10,27.4,4.1,8.4,0.8,2.8,0.6,0.8,1.1,2.6,0.7,2.5,3.2,1.8,1,0.1,9.6
20,Bam Adebayo,MIA,4767000,Shooting Guard,21,32.6,5.1,9,0,0.3,3.6,5.5,2.8,2.5,2.4,7.9,10.3,4,1.4,1.2,13.9
21,Ben McLemore,HOU,2028594,Shooting Guard,20,21.2,2.6,7.2,1.9,6.1,1.1,1.2,0.7,1.9,0.3,2,2.4,0.8,0.7,0.2,8.3
22,Ben Simmons,PHI,8113930,Point Guard,19,34.3,5.4,10.3,0.1,0.2,2.1,3.6,3.7,3.4,1.6,5.4,7,8.4,2.4,0.5,13
23,Bismack Biyombo,CHA,17000000,Center,21,16.7,3,5.1,0,0,1.7,3.1,0.7,2,1.6,2.8,4.3,0.9,0.3,0.8,7.6
24,Blake Griffin,DET,34449964,Power Forward,10,28.6,6.1,14.7,1.9,6.1,4.7,5.9,2.7,1.6,1.2,4,5.2,3.3,0.2,0.3,18.8
25,Bobby Portis,NYK,15000000,Power Forward,21,21.8,3.5,8.8,1.1,2.9,0.7,1,1,1.7,1.7,4.2,5.9,1.1,0.7,0.3,8.8
26,Bogdan Bogdanovic,SAC,8529386,Shooting Guard,18,27.5,5.2,12.7,2.8,7.2,1.7,2.3,1.9,1.8,0.2,2.5,2.7,4.7,1.4,0.1,14.8
27,Bojan Bogdanovic,UTA,17000000,Small Forward,21,33.2,7.2,15.3,3.2,7,3.4,3.9,2.7,2,0.7,3.6,4.3,2.1,0.8,0.2,21
28,Brad Wanamaker,BOS,1445697,Point Guard,20,17.5,2.5,5,0.6,1.4,2.1,2.4,1.1,1.8,0.5,1.6,2.1,2.9,0.8,0.2,7.6
29,Bradley Beal,WAS,27093019,Shooting Guard,19,36.8,10.2,21.5,2.7,7.9,5.7,6.9,3.3,2.6,0.9,3.5,4.4,7.2,1.1,0.2,28.7
30,Brandon Clarke,MEM,2478840,Power Forward,18,21.2,5.1,8.1,0.6,1.2,1.1,1.3,1.1,1.7,1.3,4.6,5.9,1.3,0.5,0.9,11.8
31,Brandon Ingram,NOP,7265485,Small Forward,17,34.2,9.2,18.8,2.3,5.5,4.8,5.8,2.8,2.8,0.8,6.4,7.2,4.1,0.9,1.1,25.4
32,Brook Lopez,MIL,12093024,Center,20,26.6,3.5,8.6,1.4,5,1.9,2.1,1.1,2.2,0.6,4.5,5,1.5,0.8,2.5,10.4
33,Bruce Brown  Jr.,DET,1416852,Shooting Guard,22,26.5,3,7,0.5,1.6,0.9,1.7,1.9,2.7,0.7,3.3,4,3.5,1,0.5,7.5
34,Bruno Caboclo,MEM,1845301,Small Forward,13,10.9,1.6,4.1,0.2,1.5,0.2,0.2,0.5,1.2,1,1.5,2.5,0.6,0.5,0.8,3.6
35,Bruno Fernando,ATL,1400000,Center,22,12.2,1.8,3.2,0.2,0.6,0.6,1,1,1.6,1.2,1.6,2.8,1.1,0.2,0.4,4.3
36,Bryn Forbes,SAS,2875000,Shooting Guard,22,27.3,4.6,11,2.5,6.7,1.4,1.7,0.7,2,0.3,2.2,2.5,2,0.5,0,13
37,Buddy Hield,SAC,4861208,Shooting Guard,20,34.1,7.5,18.1,3.8,10.4,2.2,2.6,2.6,2.6,0.9,3.9,4.8,2.7,0.8,0.4,20.9
38,C.J. McCollum,POR,27556959,Shooting Guard,22,36.4,9,20,2.6,6.8,1.7,2,2,2.8,0.8,3.7,4.5,3.8,0.7,1,22.4
39,C.J. Miles,WAS,8730159,Small Forward,10,16.1,1.9,5.9,1.1,3.5,1.5,2,0.4,1.4,0.4,0.8,1.2,1.2,1,0.4,6.4
40,Cam Reddish,ATL,4245720,Small Forward,19,24.6,2.8,8.9,0.9,3.8,1.5,1.9,1.7,1.8,0.7,3,3.7,1.6,1,0.4,8.1
41,Cameron Johnson,PHX,4033440,Small Forward,18,19,3,7,1.9,4.6,0.9,0.9,0.7,1.7,0.8,1.9,2.7,0.8,0.6,0.3,8.8
42,Caris LeVert,BRK,2625718,Shooting Guard,9,31.6,6.6,15.6,1.4,4,2.2,3.4,3.4,2.2,1.1,3.9,5,4,0.7,0.1,16.8
43,Carmelo Anthony,POR,1364204,Small Forward,8,31,6.5,14.5,1.5,3.9,2.4,2.8,1.9,3.2,1,4.9,5.9,1.8,0.6,0.2,16.9
44,Carsen Edwards,BOS,1228026,Point Guard,18,11.7,1.3,4.3,0.8,2.6,0.6,0.7,0.5,1.1,0.3,1.5,1.8,0.9,0.4,0.1,4.1
45,Cedi Osman,CLE,2907143,Small Forward,20,29.9,3.6,8.4,1.6,4.3,0.9,1.4,1.3,2.4,0.5,3.1,3.6,2,1,0.2,9.8
46,Chandler Hutchison,CHI,2332320,Small Forward,9,17.1,2.2,4.9,0.6,1.3,2.1,3.2,1.3,1.3,0.1,3.6,3.7,0.9,0.6,0.2,7.1
47,Cheick Diallo,PHX,1678854,Power Forward,14,10.3,2.6,3.4,0.1,0.1,0.8,0.9,0.5,0.9,0.8,2.1,2.9,0.5,0.1,0.3,6.1
48,Chris Boucher,TOR,1588231,Power Forward,17,12.9,2.1,4.8,0.5,1.6,1.2,1.7,0.4,1.5,2.2,2.5,4.7,0.6,0.4,0.9,5.9
49,Chris Clemons,HOU,563347,Point Guard,14,9.1,1.7,4.1,1.3,3.3,0.2,0.3,0.4,1,0.1,0.5,0.6,0.4,0.1,0.1,4.9
50,Chris Paul,OKC,38506482,Point Guard,20,30.7,4.8,10.8,1.6,4.2,3.9,4.4,1.9,2.4,0.2,3.9,4.2,6,1.6,0,15.1
51,Chris Silva,MIA,38506482,Point Guard,19,10.1,1.5,2.2,0,0.1,1.1,1.5,1.3,2.8,1.9,2.2,4.1,0.6,0.2,0.7,4
52,Christian Wood,DET,1645357,Power Forward,20,14.9,3.4,5.4,0.7,1.4,1.5,2.2,0.8,0.8,1.1,3.3,4.5,0.6,0.3,0.9,8.8
53,Clint Capela,HOU,14896552,Center,16,32.7,6.8,10.4,0,0,1.4,3.1,1.5,2.9,4,11.1,15.1,1.1,0.9,2,15.1
54,Coby White,CHI,5307120,Point Guard,22,25,4.5,12.4,2,6,1.4,1.8,1.4,1.4,0.3,3.3,3.5,2.1,0.8,0,12.4
55,Cody Martin,CHA,1173310,Small Forward,16,11.8,0.9,2.6,0.1,1.1,0.9,1.4,0.4,1.2,0.5,1.8,2.2,1.1,0.8,0.1,2.9
56,Cody Zeller,CHA,14471910,Center,20,23.7,4.4,8.4,0.6,1.7,1.6,2.5,1.6,2.5,3,4.8,7.8,1.1,0.5,0.4,11
57,Collin Sexton,CLE,4764960,Point Guard,20,30.7,6.9,15.7,1.2,3.7,3,3.8,1.9,2.2,0.9,2.3,3.2,2.5,0.9,0.1,18.1
58,Cory Joseph,SAC,12000000,Point Guard,20,25.1,2.2,6.2,0.3,1.5,0.8,0.8,1.4,2.2,0.6,2.2,2.8,4.2,0.7,0.6,5.6
59,D.J. Augustin,ORL,7250000,Point Guard,21,25.7,3.2,8.2,1,3.3,2.1,2.4,1.4,1.1,0.5,2,2.5,4.6,0.6,0,9.6
60,Damian Jones,ATL,2305057,Center,21,18.9,3.2,4.5,0.1,0.2,1.4,2,0.7,3.4,1.6,2.3,4,0.8,0.5,0.8,8
61,Damian Lillard,POR,29802321,Point Guard,20,36.7,8.2,18.4,3.2,8.8,6.8,7.5,2.8,2.1,0.6,4,4.6,7.4,1.1,0.5,26.6
62,Damion Lee,GSW,29802321,Point Guard,11,21.9,3.2,8.3,1.1,3.2,2.5,3,1.2,1.6,0.8,3.1,3.9,1.8,0.7,0,10
63,Damyean Dotson,NYK,1618520,Shooting Guard,17,16.3,2.3,5.6,0.9,3.1,0.6,0.8,0.6,0.9,0.1,1.5,1.6,1.1,0.5,0.2,6.1
64,D'Angelo Russell,GSW,27285000,Point Guard,11,30.9,8.4,18.3,2.8,7.9,4.2,5.5,3.3,1.7,0.2,3.3,3.5,6.3,0.7,0.5,23.7
65,Daniel Theis,BOS,5000000,Power Forward,17,21.9,2.6,5.3,0.1,0.8,1.2,1.8,0.8,3.1,1.6,5.3,6.9,1.3,0.5,1.6,6.5
66,Danilo Gallinari,OKC,22615559,Small Forward,20,30,5.6,12.4,2.9,6.6,4.4,4.8,1.2,1.6,0.6,5,5.6,2.1,0.6,0.1,18.4
67,Danny Green,LAL,14634146,Shooting Guard,22,25.5,3,7,1.9,5,0.4,0.5,1,2.4,0.7,2.9,3.5,1.2,1.3,0.5,8.3
68,Danuel House,HOU,3540000,Small Forward,14,29.7,3.9,8.3,2.6,5.8,1.9,2.4,0.9,2,1.1,3.4,4.6,1.1,1.3,0.7,12.4
69,Dario Saric,PHX,3481986,Power Forward,20,27.9,3.9,9.2,1.6,4.7,1.5,1.8,1.4,2.5,1.8,5.4,7.2,2,0.9,0.5,10.8
70,Darius Bazley,OKC,2284800,Small Forward,20,16.8,1.6,3.8,0.7,1.9,0.5,0.8,0.8,0.9,0.3,3.1,3.5,0.6,0.3,0.5,4.2
71,Darius Garland,CLE,6400920,Point Guard,20,28.2,4,10.7,1.6,4.3,1.1,1.2,2.5,1.3,0.2,1.3,1.5,3,0.8,0,10.8
72,David Nwaba,BRK,1678854,Shooting Guard,13,11.8,1.2,2.1,0.4,0.8,0.5,0.9,0.5,1.5,0.4,1.7,2.1,0.4,0.4,0.7,3.4
73,Davis Bertans,WAS,7000000,Small Forward,19,28.3,4.5,9.8,3.5,7.8,1.1,1.3,0.7,2.6,0.8,3.7,4.5,1.7,0.6,0.6,13.6
74,De'Aaron Fox,SAC,6392760,Point Guard,9,32.1,6.1,14.2,1.1,3.3,4.9,6.9,4.1,3,0.6,3.4,4,7,0.8,0.6,18.2
75,Deandre Ayton,PHX,9562920,Center,1,33.4,9,14,0,0,0,0,0,2,3,8,11,0,1,4,18
76,DeAndre' Bembry,ATL,2603982,Small Forward,22,26.4,3.1,6.5,0.4,1.6,0.8,1.7,1.5,2.3,1.1,3.6,4.7,2.9,1.5,0.5,7.5
77,De'Andre Hunter,ATL,7068360,Small Forward,21,31.6,4.3,11,1.7,4.7,1.8,2.3,1.8,2.6,0.5,3.6,4.1,1.7,0.6,0.2,12.2
78,DeAndre Jordan,BRK,9881598,Center,18,21.4,3.2,4.7,0,0,1.3,2.1,1.1,2.1,2.2,7,9.2,2,0.4,1.1,7.8
79,De'Anthony Melton,MEM,1416852,Point Guard,10,13.4,1.9,4.9,0.5,1.5,1.1,1.3,1.3,1.4,0.7,2.2,2.9,2.8,1.1,0.2,5.4
80,Dejounte Murray,SAS,2321735,Point Guard,19,22.1,3.7,8.3,0.3,1.3,1.7,2.3,2.2,2.3,1.2,4.8,6.1,4.1,1.5,0.3,9.5
81,Delon Wright,DAL,9473684,Point Guard,21,22,3,6.1,0.6,1.8,1.3,1.6,0.7,1.2,0.8,2.8,3.6,3.5,1.2,0.3,7.9
82,DeMar DeRozan,SAS,27739975,Shooting Guard,22,34,8.4,16.3,0.1,0.4,4.9,6,2.5,2.9,0.5,5,5.5,4.7,0.9,0.5,21.7
83,Dennis Schroder,OKC,7000000,Small Forward,20,28.5,6.1,13.8,1.4,4.7,2,2.6,2.8,2.2,0.4,3.5,4,3.8,0.8,0.3,15.6
84,Dennis Smith,NYK,15500000,Point Guard,14,17.9,2.2,6.3,0.6,2,0.8,1.4,1.6,2.3,0.7,0.9,1.6,2.9,0.4,0.3,5.9
85,Derrick Favors,NOP,17650000,Power Forward,9,21,4,6.4,0.1,0.2,0.2,0.7,1.6,2.3,3.4,5.4,8.9,2.1,0.6,0.4,8.3
86,Derrick Rose,DET,7317073,Point Guard,17,23.4,6.2,12.7,0.8,2.3,2.6,3.1,2.5,1.2,0.4,1.4,1.8,5.8,0.8,0.4,15.9
87,Derrick White,SAS,1948080,Point Guard,20,24,3.5,7.5,1,2.5,2,2.6,1.2,2.5,0.6,1.8,2.3,3,0.5,0.7,10.2
88,Devin Booker,PHX,27285000,Shooting Guard,20,35.3,8.6,17.1,2.2,5.4,4.7,5,4,3.1,0.5,3.1,3.6,6.2,0.6,0.3,24.1
89,Devonte' Graham,CHA,1416852,Point Guard,23,33.6,6.1,14.9,3.6,8.6,2.9,3.5,3.1,1.7,1,2.7,3.7,7.7,0.6,0.2,18.7
90,Dewayne Dedmon,SAC,13333334,Center,20,14.9,2.1,5,0.6,2.4,0.6,0.7,1.4,2.5,1.3,2.9,4.2,0.4,0.5,0.6,5.3
91,Dillon Brooks,MEM,1618520,Small Forward,21,27.5,4.8,12.3,1.7,4.5,1.9,2.3,1.3,4,1.1,2.5,3.6,2,1,0.4,13.2
92,Domas Sabonis,IND,3529555,Center,19,34.2,7.3,14.2,0.3,1.2,3.6,4.5,2.8,3.7,3.8,9.3,13.1,3.7,0.7,0.5,18.4
93,Donovan Mitchell,UTA,3635760,Shooting Guard,22,34.6,9,20.6,2.3,6.2,4.4,5.3,2.1,2.3,0.9,3.8,4.7,3.6,1.4,0.3,24.7
94,Donte DiVincenzo,MIL,2905800,Shooting Guard,19,21,3.3,7.6,1.3,3.8,0.7,1.1,1.1,1.7,0.8,3.4,4.3,1.6,1.4,0.2,8.6
95,Dorian Finney-Smith,DAL,4000000,Small Forward,21,26.8,3.1,6.7,1.1,3.5,1.1,1.6,1,2,1.8,3.1,5,1,0.6,0.4,8.4
96,Doug McDermott,IND,7333333,Small Forward,21,20.6,3.3,7.4,1.6,3.7,0.6,0.7,0.8,1.8,0.4,2.2,2.7,1,0.1,0.1,8.8
97,Draymond Green,GSW,18539130,Power Forward,14,27.6,3.1,7.6,0.7,2.6,1.4,1.9,2.1,2.6,0.4,5.9,6.3,5.6,1.4,0.5,8.3
98,Duncan Robinson,MIA,1416852,Power Forward,21,25.5,3.8,8,2.9,6.6,0.7,0.8,0.7,2.7,0.1,2.8,2.9,0.8,0.8,0.4,11.2
99,Dwayne Bacon,CHA,1618520,Small Forward,17,20.4,2.8,8.5,0.6,2.4,1.1,1.6,1.1,1.8,0.5,2.2,2.7,1.2,0.8,0.1,7.2
100,Dwight Howard,LAL,1620564,Center,22,19.8,2.8,3.8,0,0.1,1.4,2.8,1,3.7,2.1,4.9,7,0.8,0.3,1.5,7
101,Dwight Powell,DAL,10259375,Power Forward,18,25.6,3.5,5.2,0.3,0.7,1.2,2.2,0.9,2.7,1.6,2.9,4.6,1.3,0.8,0.4,8.5
102,Dzanan Musa,BRK,1911600,Shooting Guard,16,15.8,1.6,5.1,0.4,2.5,1.4,1.8,1.3,0.9,0.4,2.2,2.6,1.3,0.4,0.1,5.1
103,Edmond Sumner,IND,2000000,Point Guard,3,22.2,3,6,0,1,1,1.7,0.3,3,0.3,0.7,1,2,1.7,0.3,7
104,Elfrid Payton,NYK,8000000,Point Guard,4,25.4,2.8,7.2,1.2,2,1.2,1.5,1.8,2,0.8,2.2,3,3.8,2.5,0,8
105,Elie Okobo,PHX,8000000,Point Guard,14,10.6,1.5,3.7,0.7,1.8,0.8,1.4,0.3,0.6,0.1,0.9,1.1,2.7,0.3,0,4.5
106,Emmanuel Mudiay,UTA,1620564,Point Guard,19,15.3,2.9,6.2,0.4,1.4,0.9,1.2,1.7,1.5,0.3,2.2,2.5,2.2,0.3,0.2,7.2
107,Enes Kanter,BOS,4767000,Center,13,15.6,2.8,4.9,0,0.1,1.6,2.5,0.8,1.1,2.7,3.4,6.1,1,0.7,0.5,7.3
108,Eric Bledsoe,MIL,15625000,Point Guard,22,27.1,5.8,12.3,1.1,3.6,2.5,3.2,2.2,2.5,0.9,4.2,5.1,5.6,0.7,0.5,15.2
109,Eric Gordon,HOU,14057730,Shooting Guard,9,29.4,3.8,12.2,2.3,8.2,1,1.6,1.3,2.3,0.3,1.6,1.9,0.8,0.6,0.2,10.9
110,Eric Paschall,GSW,898310,Power Forward,22,31.9,6.4,12.5,0.8,2.5,3.8,4.6,1.7,2,1.5,3.9,5.5,1.8,0.3,0.3,17.3
111,Ersan Ilyasova,MIL,7000000,Power Forward,20,16.1,2.5,5.2,0.7,2.5,1.2,1.4,0.3,1.7,1.2,3.5,4.7,0.6,0.5,0.3,6.8
112,E'Twaun Moore,NOP,8664928,Shooting Guard,16,20.4,3.7,8.8,1.3,3.4,0.9,1.4,0.7,1.7,0.8,2.4,3.2,1.4,0.5,0.1,9.6
113,Evan Fournier,ORL,17150000,Shooting Guard,21,30.8,7,14.1,2.8,6.2,3.1,3.7,2.1,2.2,0.1,2.8,2.9,3.3,1,0.1,19.8
114,Evan Turner,ATL,18606557,Small Forward,14,13.9,1.6,4.1,0,0.3,0.9,1,1.4,1.1,0.5,1.6,2.1,2.3,0.6,0.6,4.1
115,Frank Jackson,NOP,1618520,Point Guard,19,15.6,2.6,6.8,1.1,3.3,1.3,1.6,1.1,1.6,0.3,1.2,1.5,1.1,0.4,0.1,7.5
116,Frank Kaminsky,PHX,4767000,Power Forward,20,23.8,3.7,8.6,1.1,3.7,2,3.1,1.1,2,0.9,4.4,5.3,2.2,0.3,0.5,10.6
117,Frank Ntilikina,NYK,4855800,Point Guard,19,26.1,2.5,6.5,0.8,2.5,0.7,0.9,1.2,2.7,0.4,1.7,2.2,3.5,1.4,0.5,6.5
118,Fred VanVleet,TOR,9346153,Point Guard,20,37.8,6,14.7,2.8,7,4,4.5,2.5,2.4,0.2,3.6,3.8,7.4,2,0.1,18.6
119,Furkan Korkmaz,PHI,1620564,Shooting Guard,20,22.9,3.2,7.5,1.7,4.7,0.8,1.1,0.8,1.8,0.2,2.1,2.3,0.8,0.3,0.2,9.1
120,Garrett Temple,BRK,4767000,Shooting Guard,21,27.2,3.5,8.4,2.2,6,0.9,1.2,1,2.1,0.5,2.7,3.1,2.2,1,0.6,10.1
121,Gary Harris,DEN,17839286,Shooting Guard,18,32.3,4.2,10.1,1.4,4.2,1.2,1.6,0.9,2.2,0.6,2.6,3.2,1.7,1.3,0.3,11
122,George Hill,MIL,9133907,Point Guard,20,21.4,3.3,6.2,1.6,3,1.4,1.7,0.8,1.6,1,1.9,3,3.2,0.7,0.1,9.6
123,Georges Niang,UTA,1678854,Small Forward,16,10.8,1.4,3.1,0.7,1.8,0.4,0.6,0.5,1.4,0.1,1.6,1.7,0.5,0,0.1,4
124,Giannis Antetokounmpo,MIL,25842697,Power Forward,22,31.7,11.5,20.3,1.6,5,6.5,11,3.9,3.2,2.6,10.6,13.2,5.5,1.4,1.4,31
125,Glenn Robinson,GSW,25842697,Power Forward,23,32,4.6,10.2,1.2,3.2,1.1,1.3,0.9,1.6,1.5,3,4.4,1.9,0.9,0.3,11.4
126,Goga Bitadze,IND,2816760,Center,15,13.4,1.7,3.7,0.3,0.8,0.9,1.3,0.7,2.1,1.1,2.3,3.3,0.9,0.1,1.2,4.7
127,Goran Dragic,MIA,19217900,Point Guard,18,28.7,5.4,11.6,2.2,5.3,3,4.2,2.6,1.8,0.3,2.9,3.2,5,0.7,0.2,15.9
128,Gordon Hayward,BOS,32700690,Small Forward,8,31.2,7.6,13.8,1.6,3.8,2,2.4,1.9,1.9,0.8,6.4,7.1,4.1,0.8,0.2,18.9
129,Gorgui Dieng,MIN,16229213,Center,16,12.5,1.9,4.3,0.5,1.5,0.8,1,0.6,1.4,0.9,3.3,4.2,1.2,0.7,1.1,5.1
130,Grant Williams,BOS,2379840,Small Forward,19,15,0.7,2.8,0,1.2,0.7,0.9,0.8,1.9,0.7,1.6,2.3,0.9,0.4,0.6,2.2
131,Grayson Allen,MEM,2429400,Shooting Guard,11,19,2.4,6.8,1,3.3,1.4,1.5,1.1,1.7,0.2,2.9,3.1,1.6,0.4,0,7.1
132,Hamidou Diallo,OKC,1416852,Shooting Guard,12,21.4,3.8,7.7,0.2,1.1,0.9,1.5,1.2,2.4,1.2,2.7,3.8,0.8,1.5,0.3,8.8
133,Harrison Barnes,SAC,24147727,Small Forward,20,35.1,5.6,11.6,1.4,3.9,3.6,4.5,1.4,1.3,1.1,3.8,4.8,2,0.9,0.2,16.2
134,Hassan Whiteside,POR,27093019,Center,19,27.8,6.2,10.4,0,0,2.9,3.8,2.1,3,3.6,9,12.6,1.2,0.4,2.2,15.3
135,Iman Shumpert,BRK,898310,Small Forward,10,18.6,1.7,5.1,0.7,2.9,0.3,0.5,0.9,1.7,0.8,2,2.8,0.7,0.8,0.2,4.4
136,Isaac Bonga,WAS,1416852,Point Guard,14,15.4,1.6,3,0.3,0.7,0.5,0.7,0.6,2,0.8,2.1,2.9,1.2,0.6,0.1,3.9
137,Isaiah Thomas,WAS,1620564,Point Guard,17,24.9,4.8,10.8,2,4.9,0.9,1.2,2.2,2.2,0.2,1.6,1.8,5.1,0.5,0.2,12.6
138,Ish Smith,WAS,1620564,Point Guard,19,23.4,3.4,7.9,0.7,2.3,0.4,0.7,1.1,1.7,0.6,2.4,3,3.9,0.8,0.4,8
139,Ivica Zubac,LAC,6481482,Center,22,16,3.1,5.2,0,0,1.9,2.3,0.9,2.5,2.2,4.2,6.4,0.8,0.2,1.1,8
140,J.J. Redick,NOP,13486300,Shooting Guard,20,28.6,4.8,10.8,3.4,7.4,2.1,2.5,1.3,1.6,0.2,3,3.2,2,0.5,0.2,15.1
141,Ja Morant,MEM,8730240,Point Guard,17,28.7,6.9,15.2,0.9,2.3,3.8,5,3.4,1.7,0.9,2.2,3.2,6.4,1.4,0.3,18.6
142,Jabari Parker,ATL,6500000,Power Forward,22,28,6.6,13.3,1,3.8,1.8,2.5,1.9,3.2,1.9,4.4,6.3,1.9,1.5,0.5,16
143,Jacob Evans,GSW,1925880,Shooting Guard,3,14.4,1.7,4,1.3,2.7,1.3,1.3,0.3,0.7,0.3,1.3,1.7,0.7,0,0,6
144,Jae Crowder,MEM,7815533,Small Forward,21,31.1,3.6,9.1,2.2,6.6,1.4,2,1.4,2,0.8,5.2,6,2.8,0.8,0.4,10.8
145,Jahlil Okafor,NOP,1702486,Center,13,17.6,3.8,5.8,0.1,0.2,1.8,2.8,1.5,2.8,1.6,3.1,4.7,1.3,0.3,1,9.5
146,JaKarr Sampson,IND,1620564,Shooting Guard,9,18.5,2.6,4.6,0.2,1.1,0.2,0.8,0.7,2.6,0.8,1.9,2.7,0.4,0.6,0.7,5.6
147,Jake Layman,MIN,3581986,Small Forward,14,26.3,4.4,9.4,1.4,3.9,0.4,0.7,1.3,2.2,0.9,2.1,2.9,0.8,0.9,0.7,10.5
148,Jakob Poeltl,SAS,3754886,Center,22,19,2.5,4.4,0,0,0.7,1.3,1,1.9,2.3,3.9,6.2,1.5,0.6,1.3,5.7
149,Jalen Brunson,DAL,1416852,Point Guard,21,16.1,3,6.1,0.6,2,1,1.5,0.9,1.2,0.6,1.9,2.5,2.7,0.5,0,7.5
150,Jamal Murray,DEN,4444746,Point Guard,18,33.3,7.1,16.2,1.8,5.3,2.7,3,2.4,1.9,0.7,3.8,4.6,4.9,1.7,0.4,18.7
151,James Ennis,PHI,1882867,Small Forward,21,17.2,2.6,5.1,1,2.2,1.4,1.8,0.7,1.9,1.2,2.3,3.5,0.8,0.6,0.3,7.5
152,James Harden,HOU,38199000,Shooting Guard,20,37.4,10.8,24.8,4.9,14.2,13.1,14.9,5.2,3.1,1,5.1,6.1,7.8,1.8,0.5,39.5
153,JaMychal Green,LAC,4767000,Power Forward,21,22.1,2.6,6.3,1.6,4.2,0.9,1,1,2.5,1.4,5.5,6.9,0.5,0.6,0.3,7.7
154,Jaren Jackson  Jr.,MEM,1620564,Small Forward,20,26.7,5.7,12.7,2,5.3,2.2,2.8,1.8,4.1,1.4,3.5,4.9,1.4,0.5,1.1,15.7
155,Jarrett Allen,BRK,2376840,Center,21,26.6,4.7,7,0,0,2.6,4.4,1.1,2.6,3.6,7,10.6,1.2,0.7,1.3,12
156,Jarrett Culver,MIN,5813640,Small Forward,20,23.9,3.6,9.7,1.1,4,0.9,2.2,1.4,2.1,1.1,2.4,3.5,2.5,0.9,0.6,9.2
157,JaVale McGee,LAL,4000000,Center,22,16.6,3.1,5.3,0,0,0.7,1.1,0.8,2.1,2,4.3,6.3,0.7,0.6,1.2,7
158,Jaxson Hayes,NOP,4862040,Center,18,20.2,3.3,5.3,0,0.1,1.7,2.7,0.9,3.1,1.9,2.7,4.6,0.7,0.8,0.9,8.3
159,Jaylen Brown,BOS,6534829,Shooting Guard,17,33.5,7.5,15.1,2,5.2,3,4.2,1.6,3.1,1.2,5.8,6.9,1.9,1.2,0.3,19.9
160,Jayson Tatum,BOS,7830000,Small Forward,20,34.5,7.5,18.6,2.4,6.8,3.5,4.2,2.1,2.4,1.4,5.7,7,2.8,1.4,0.8,20.9
161,Jeff Green,UTA,7830000,Small Forward,22,19,2.5,6.5,1.1,3.6,2,2.5,1.1,1.8,0.4,2.5,2.9,0.6,0.5,0.5,8
162,Jeff Teague,MIN,19000000,Point Guard,16,28.9,3.5,8.8,0.6,2.4,4.2,4.9,2.1,2.2,0.4,2.2,2.6,7.4,0.9,0.3,11.8
163,Jerami Grant,DEN,9346153,Small Forward,18,22.2,3.4,7.8,1,3.2,1.2,1.9,0.7,1.7,0.6,2.9,3.6,1.1,0.3,0.6,9.1
164,Jeremy Lamb,IND,10500000,Shooting Guard,12,32.8,6.4,13,1.2,4,2.6,3,1.4,2.2,0.6,4.9,5.5,2.8,1.1,0.7,16.6
165,Jerome Robinson,LAC,3567720,Shooting Guard,17,12.1,1.4,4,0.6,1.9,0.3,0.5,0.7,1.4,0.1,1.5,1.6,1,0.3,0.4,3.8
166,Jevon Carter,PHX,1416852,Point Guard,15,14.9,1.5,3.7,0.9,2.3,0.3,0.3,1,1.6,0.2,1.6,1.8,1.9,0.9,0.3,4.1
167,Jimmy Butler,MIA,32742000,Shooting Guard,17,34.1,5.8,13.4,1.1,3.3,7.4,8.6,2.5,1.2,2,3.9,5.9,6.5,2.4,0.7,20.1
168,Joe Harris,BRK,7666667,Shooting Guard,21,31.7,5.5,11.4,2.8,6.3,0.8,1,1.4,2.5,0.9,3,3.9,1.9,0.8,0.4,14.5
169,Joe Ingles,UTA,11954546,Small Forward,22,27.5,2.4,6.7,1.4,4.4,1,1.4,1.5,2.3,0.2,4,4.2,3.6,0.8,0.1,7.2
170,Joel Embiid,PHI,27504630,Center,17,30.1,7.2,15.9,1.2,3.8,6.8,8.3,2.9,3.5,2.6,9.6,12.2,2.9,0.9,1.4,22.4
171,John Collins,ATL,2686560,Power Forward,5,32.2,6.4,12.2,1.8,3.8,2.4,3.4,1.4,3.4,2,6.8,8.8,1.6,1,2,17
172,Jonas Valanciunas,MEM,16000000,Center,19,24.9,6.1,10.7,0.5,1.6,1.9,2.3,2.2,2.7,2.7,7.3,10,1.8,0.4,0.9,14.5
173,Jonathan Isaac,ORL,5806440,Power Forward,19,30.8,4.8,10.7,1.2,3.7,1.7,2.2,1.6,2.3,1.8,5.4,7.3,1.5,1.4,2.7,12.6
174,Jordan Clarkson,CLE,13437500,Point Guard,20,22.4,4.5,10.9,1.8,5,3.1,3.5,1.3,1.2,0.6,1.6,2.2,2.5,0.6,0.3,13.9
175,Jordan McRae,WAS,1645357,Shooting Guard,13,18.1,3.3,7,1,2.5,1.3,1.5,1.1,2,0.2,2.2,2.4,2.8,0.6,0.3,8.9
176,Jordan Poole,GSW,1964760,Shooting Guard,23,24.8,2.6,9.8,1.3,5.1,1.8,2.1,1.3,1.9,0.2,2.2,2.3,2.1,0.7,0.3,8.2
177,Josh Hart,NOP,1934160,Shooting Guard,14,28.1,3.9,8.8,2.3,5.9,1.8,2.3,1.4,2.8,1.2,5.4,6.6,1.4,1.2,0.4,11.9
178,Josh Okogie,MIN,2530680,Shooting Guard,18,24.3,2.6,6.1,0.6,2.3,2.6,3.4,1.5,2.2,1.6,3.8,5.4,1.8,1.1,0.4,8.4
179,Josh Richardson,PHI,10116576,Small Forward,16,32,5.8,12.8,2,5.2,2.5,3.1,2.3,2.9,0.6,2.8,3.4,3.6,1.1,0.6,16.1
180,Jrue Holiday,NOP,26996111,Point Guard,19,36.2,7.7,17.4,1.8,5.3,2.1,2.8,3.3,2.5,1.2,3.7,4.9,6.9,1.9,0.8,19.3
181,Juancho Hernangomez,DEN,3321030,Power Forward,11,12.9,1.3,2.9,0.6,1.8,0.3,0.6,0.6,0.7,0.5,1.9,2.5,0.6,0.1,0.3,3.5
182,Julius Randle,NYK,18000000,Power Forward,21,32.4,6.3,14,0.9,3.6,3.8,5.7,3.4,3,2.3,6.3,8.7,3.4,0.8,0.1,17.3
183,Justin Holiday,IND,4767000,Shooting Guard,21,25.4,2.8,6.6,1.7,4.1,0.9,1.1,0.6,1.8,0.4,3.4,3.8,1.6,1,0.6,8.2
184,Justin Jackson,DAL,3280920,Small Forward,20,13.4,2.4,5,1.1,2.6,0.5,0.6,0.2,1.1,0.5,2.1,2.5,0.3,0.2,0.1,6.4
185,Justin James,SAC,898310,Shooting Guard,11,12.7,1.6,4,0.3,1.3,0.1,0.5,0.5,1,0.2,1.6,1.8,0.8,0.4,0.5,3.6
186,Justise Winslow,MIA,13000000,Small Forward,10,33.7,5,12.7,0.6,2.6,1.8,2.7,2.3,3.6,1.6,5.5,7.1,4.3,0.7,0.4,12.4
187,Karl-Anthony Towns,MIN,27285000,Center,18,33.3,8.8,17.6,3.7,8.7,4.6,5.7,3.2,3.3,2.7,9.7,12.3,4.3,1,1.4,25.9
188,Kawhi Leonard,LAC,32742000,Small Forward,16,31.2,9,20.5,1.6,5.2,5.4,6.4,3.2,2.1,1.1,6.8,7.9,5.3,1.9,0.8,25
189,Keita Bates-Diop,MIN,1416852,Small Forward,9,19,3.3,5.7,1.7,3.1,0.6,0.9,0.6,1.1,0.6,2.3,2.9,0.3,0.4,0.4,8.9
190,Kelan Martin,MIN,1416852,Small Forward,8,14.5,1.9,5.5,0.6,3,0,0,0.4,2.2,0.2,2.9,3.1,0.2,0.1,0.1,4.4
191,Kelly Olynyk,MIA,12667886,Center,21,23.6,3.2,6.8,1.7,4,1.2,1.4,1.4,2.7,1,4.1,5.1,1.5,1,0.4,9.2
192,Kelly Oubre  Jr.,PHX,12667886,Center,20,31,6,13.1,1.6,4.5,3.8,4.7,1.5,3.2,1.2,4.4,5.7,1.6,1.4,0.6,17.3
193,Kemba Walker,BOS,32742000,Point Guard,19,32.3,7.1,17.3,3.5,8.9,4.3,4.7,2.1,1.7,1.1,3.6,4.7,5.1,0.9,0.5,21.9
194,Kendrick Nunn,MIA,1416852,Shooting Guard,21,29.4,6.1,13.8,2.1,6,1,1.3,2.1,2.7,0.2,2.2,2.5,3.4,1.1,0.3,15.3
195,Kenrich Williams,NOP,1416852,Small Forward,19,24.7,2.1,4.8,1.1,3,0.4,1,0.8,2.7,1.7,4.2,5.9,1.8,0.9,0.7,5.6
196,Kent Bazemore,POR,19269662,Shooting Guard,22,22.3,2.5,7.3,1.2,3.5,1.4,1.8,1.4,2.9,0.4,4,4.4,1.7,1,0.8,7.7
197,Kentavious Caldwell-Pope,LAL,8089282,Shooting Guard,22,23.7,3.1,6.8,1.1,2.9,0.7,0.9,0.9,1.7,0.5,1.7,2.2,1.5,0.8,0.2,8
198,Kevin Huerter,ATL,2636280,Shooting Guard,11,21.9,2.9,7,1.5,4.1,1.1,1.4,1.5,2,0.5,2.7,3.3,2.7,0.6,0.4,8.5
199,Kevin Knox,NYK,4380120,Small Forward,20,20.1,2.5,6.8,1.3,3.7,1.6,2.4,0.8,1.8,0.5,2.5,3,1.3,0.5,0.3,7.8
200,Kevin Love,CLE,28942830,Center,17,31,5.1,11.4,2.2,5.9,4.4,4.9,2.8,1.5,0.9,9.8,10.7,2.8,0.7,0.4,16.7
201,Kevin Porter  Jr.,CLE,28942830,Center,19,20.5,2.5,6.4,0.5,2.2,1,1.3,1.3,2.5,0.4,2.8,3.2,1.8,0.7,0.2,6.6
202,Khem Birch,ORL,3000000,Center,12,21.7,1.7,3.2,0,0.1,1,2.1,0.6,2.8,2,3.8,5.8,1,0.5,0.6,4.3
203,Khris Middleton,MIL,30603448,Small Forward,15,27.3,6.3,13.2,1.9,5.1,2.8,3.1,1.7,2.3,0.9,4.7,5.5,3.2,0.9,0.1,17.4
204,Kris Dunn,CHI,5348007,Point Guard,22,21.1,2.8,6.5,0.4,2.1,0.4,0.6,1,3.4,0.5,2.6,3.1,3.1,1.9,0.3,6.4
205,Kristaps Porzingis,DAL,27285000,Power Forward,20,30.4,6,15.1,2.1,6.2,2.7,3.9,1.6,3,1.8,7.2,8.9,1.4,0.6,2.1,16.8
206,Ky Bowman,GSW,27285000,Power Forward,23,23.6,3.5,7.9,1,2.5,0.8,0.9,1.3,2,0.6,2.2,2.8,2.7,1,0.1,8.9
207,Kyle Anderson,MEM,9073050,Small Forward,17,20.5,2.8,5.5,0.2,0.9,0.9,1.6,0.9,1.7,0.9,3.5,4.4,2.6,0.7,0.7,6.7
208,Kyle Korver,MIL,1620564,Shooting Guard,18,15.4,1.9,5.1,1.6,4.2,0.5,0.6,0.8,0.9,0.3,1.1,1.4,0.7,0.4,0.2,5.9
209,Kyle Kuzma,LAL,1974600,Power Forward,18,22.8,4,9.3,1.6,4.4,1.5,2.2,1.8,1.8,0.4,3,3.4,0.8,0.3,0.4,11.1
210,Kyle Lowry,TOR,34996296,Point Guard,9,36.7,6.2,14.6,3.2,8.8,5,5.6,3.1,2.9,0.4,4,4.4,7,1.1,0.4,20.7
211,Kyle O'Quinn,PHI,1620564,Center,13,9.2,1.4,2.5,0.4,0.9,0.2,0.5,0.9,1.4,1,2.3,3.3,1.3,0.2,0.5,3.3
212,Kyrie Irving,BRK,31742000,Point Guard,11,33.8,10.2,22.9,2.8,8.3,5.4,5.7,2.4,2.9,0.9,4.5,5.4,7.2,1.1,0.5,28.5
213,LaMarcus Aldridge,SAS,26000000,Power Forward,20,32.8,7.7,14.8,0.6,1.6,3,3.6,1.6,2.1,2,4.7,6.7,2.5,0.7,1.8,18.9
214,Landry Shamet,LAC,1995120,Point Guard,10,29.4,3,7.7,2.1,5.8,1,1,1.2,3.1,0,1.5,1.5,1.7,0.4,0.1,9.1
215,Langston Galloway,DET,7333333,Shooting Guard,22,27.9,4,8.9,2.5,5.8,2,2.3,0.8,1.2,0.4,1.8,2.1,1.6,0.6,0.3,12.6
216,Larry Nance  Jr.,CLE,7333333,Shooting Guard,18,25.9,4.2,7.8,1.3,3.3,1.2,1.7,0.9,1.6,2,5.4,7.4,1.5,1.1,0.5,10.8
217,Lauri Markkanen,CHI,5300400,Power Forward,22,29.4,4.1,11.4,1.8,5.7,3.6,4.4,1.9,1.9,1,6,6.9,1.7,0.8,0.5,13.6
218,LeBron James,LAL,37436858,Small Forward,22,34.7,9.8,19.7,1.9,5.7,3.8,5.5,3.7,1.7,1,6,7,10.8,1.4,0.5,25.4
219,Lonzo Ball,NOP,8719320,Point Guard,13,27.7,4.1,10.9,2.3,6.8,0.5,0.8,2.4,1.9,0.8,3.4,4.2,5.6,1.1,0.2,10.9
220,Lou Williams,LAC,8719320,Point Guard,22,31.3,6.8,16,1.8,4.9,5.8,6.9,3.2,1.5,0.5,2.9,3.4,6.3,0.6,0.1,21.1
221,Luka Doncic,DAL,7683360,Point Guard,21,33.7,9.7,20.3,3.1,9.5,7.8,9.5,4.6,2.4,1.5,8.7,10.1,9.2,1.3,0.1,30.3
222,Luke Kennard,DET,3827160,Shooting Guard,21,33.2,5.6,12.7,2.7,6.6,2.6,2.9,1.3,2.2,0.3,3.3,3.6,4.3,0.5,0.2,16.5
223,Luke Kornet,CHI,2250000,Power Forward,11,11.5,1.4,4,0.5,2.2,0.5,0.5,0.3,1.1,0.5,1.4,1.8,0.5,0.2,0.8,3.6
224,Malcolm Brogdon,IND,20000000,Point Guard,18,31.8,6.9,14.7,1.4,4.3,3.6,3.8,2.8,2.1,0.7,4.2,4.9,7.9,0.9,0.2,18.9
225,Malik Beasley,DEN,2731714,Shooting Guard,14,15.4,2.4,6.4,1.3,2.9,0.4,0.4,1.1,1.2,0.3,1.1,1.4,1.1,0.6,0.1,6.5
226,Malik Monk,CHA,4028400,Shooting Guard,23,21,3.7,8.3,1,3.9,1.2,1.4,1.5,1.7,0.3,2.4,2.7,2.3,0.4,0.2,9.6
227,Marc Gasol,TOR,25595700,Center,20,28.7,2.1,6.3,1.2,3.4,0.9,1.2,1.3,3.3,0.7,5.7,6.3,3.4,0.5,1,6.5
228,Marco Belinelli,SAS,5846154,Shooting Guard,20,16.1,1.8,6,0.9,3,0.8,1.1,0.5,0.8,0.1,1.6,1.6,1.6,0.2,0,5.2
229,Marcus Morris,NYK,15000000,Power Forward,19,33,6,14.2,2.8,5.4,3.8,4.6,1.9,3.3,1.2,4.9,6.2,1.3,0.9,0.6,18.7
230,Marcus Smart,BOS,12553471,Point Guard,19,31.9,4.1,10.9,2.2,6.6,1.5,1.7,1.2,2.4,0.9,2.5,3.4,4.7,1.4,0.5,11.9
231,Mario Hezonja,POR,1737145,Shooting Guard,19,17.7,1.6,4.5,0.5,1.5,1,1.2,0.9,2.2,0.6,3.9,4.5,1.1,0.6,0.1,4.8
232,Markelle Fultz,ORL,9745200,Point Guard,21,25.5,5,10.1,0.4,1.8,1.7,2.1,1.8,2.1,0.5,2,2.5,4,1.3,0.2,12.1
233,Markieff Morris,DET,3200000,Power Forward,22,22.2,3.9,8.1,1.5,3.8,1.1,1.5,1.6,2.4,0.5,3.2,3.7,1.6,0.6,0.2,10.4
234,Marko Guduric,MEM,2625000,Shooting Guard,21,15.1,2,5.1,0.8,2.5,0.6,0.6,1.1,1,0.5,1.5,2,1.5,0.3,0.2,5.2
235,Marquese Chriss,GSW,1620564,Power Forward,22,18,2.5,5.3,0.1,0.8,2,2.3,1.5,2,1.4,3.4,4.7,2,0.8,1,7.1
236,Marvin Bagley III,SAC,8556120,Power Forward,1,27.7,6,16,0,0,2,4,1,1,4,6,10,0,1,1,14
237,Marvin Williams,CHA,15006250,Power Forward,23,20.5,2.7,5.5,1.3,3.2,1.1,1.2,0.7,1.7,0.4,2.4,2.9,1,0.7,0.4,7.9
238,Mason Plumlee,DEN,14041096,Center,18,16.5,2.8,4.8,0,0.2,1.4,2.6,1.5,2.8,1.7,3.9,5.6,2.2,0.6,0.8,7.1
239,Matisse Thybulle,PHI,2582160,Small Forward,20,15.6,1.4,3.5,0.8,1.9,0.6,0.8,1.1,2.4,0.2,0.8,1.1,1,1.4,0.7,4.2
240,Matt Dellavedova,CLE,2582160,Small Forward,18,13.1,0.8,3,0.2,1.8,0.7,0.7,0.8,1.5,0.2,1.1,1.3,2.1,0.4,0.1,2.4
241,Matt Thomas,TOR,898310,Guard,12,11.3,1.7,3.1,1.2,2.2,0.2,0.4,0.3,1,0.1,1,1.1,0.3,0.3,0,4.8
242,Maurice Harkless,LAC,11011236,Small Forward,22,22.1,2.2,4.5,0.5,1.4,0.5,1,0.9,3,0.9,2,2.9,1.1,1,0.8,5.5
243,Maxi Kleber,DAL,8000000,Power Forward,20,25.1,2.8,6.5,1.5,4,1.2,1.4,0.7,1.9,1.7,4.2,5.8,1.1,0.2,0.7,8.3
244,Meyers Leonard,MIA,11286517,Center,21,18.9,2.5,4.2,1,1.9,0.2,0.4,0.9,2.2,0.3,4.1,4.4,0.9,0.3,0.4,6.1
245,Michael Carter-Williams,ORL,1620564,Point Guard,11,14.7,1.4,4.7,0.3,1.7,1.7,2.1,1,1.5,1.1,1.9,3,1.6,0.7,0.5,4.7
246,Mikal Bridges,PHX,4161000,Small Forward,20,20.6,2.4,5.2,0.5,1.8,1.4,1.8,0.6,1.8,0.8,2.7,3.5,1.1,1.4,0.3,6.7
247,Mike Conley,UTA,32511623,Point Guard,21,29.9,4.6,12.5,1.9,5.1,2.8,3.5,2.1,2.1,0.8,2.7,3.5,4.6,0.7,0.2,13.9
248,Mike Muscala,OKC,2028594,Power Forward,13,11.6,1.2,4,0.8,3,0.5,0.6,0.4,1.5,0.5,2.1,2.5,1.1,0.2,0.2,3.6
249,Mike Scott,PHI,4767000,Power Forward,21,19.1,2,5,1,3.2,0.5,0.5,0.4,1.6,0.7,2.6,3.3,0.7,0.2,0.1,5.6
250,Miles Bridges,CHA,3755400,Small Forward,23,30.7,5,11,1.6,4.3,1,1.4,1.6,2.1,1.4,4,5.4,1.9,0.5,0.8,12.6
251,Mitchell Robinson,NYK,1559712,Center,17,20.5,3.4,4.9,0,0,1.8,2.9,0.9,3.8,2.9,3.7,6.6,0.6,0.6,1.9,8.5
252,Moe Wagner,WAS,898310,Shooting Guard,17,19.4,4.6,7.6,1.1,2.6,1.6,1.9,2.4,3.9,1.5,4.1,5.6,1.4,0.7,0.7,12
253,Mohamed Bamba,ORL,5697600,Center,19,15.5,2.3,5.3,0.7,1.9,0.2,0.4,1.4,2.3,1.4,3.9,5.4,0.5,0.3,1.4,5.5
254,Monte Morris,DEN,1588231,Point Guard,18,17,2.7,6.4,0.4,1.1,0.8,1.1,0.6,0.7,0.2,1.5,1.7,3.3,0.3,0.2,6.6
255,Montrezl Harrell,LAC,6000000,Power Forward,22,29.7,8,13.2,0,0.4,3.2,5.1,1.8,2.2,3,5,8,2.2,0.9,1.2,19.1
256,Myles Turner,IND,18000000,Center,13,30.7,4.4,9.6,1.6,4.1,1.8,2.4,1.6,2.5,1.5,4.3,5.8,1,0.5,2.2,12.2
257,Nassir Little,POR,2105520,Small Forward,15,15.7,1.7,4.1,0.3,1.7,0.7,1.2,0.6,2,1.1,2.6,3.7,0.5,0.5,0.3,4.4
258,Nemanja Bjelica,SAC,6825000,Power Forward,20,26.3,4.2,8.8,1.8,4.1,0.7,0.8,1.8,2.9,1.9,4.8,6.8,2.5,0.9,0.6,10.8
259,Nerlens Noel,OKC,1620564,Center,19,18.7,3,4.7,0,0,1.6,2.1,1.2,2.9,1.3,3.5,4.7,1.4,1,1.7,7.6
260,Nickeil Alexander-Walker,NOP,2964840,Shooting Guard,17,14.2,2.3,7.1,1.3,3.8,0.6,0.8,1.2,1.5,0.2,2.1,2.3,2.1,0.3,0.1,6.5
261,Nicolas Batum,CHA,25565217,Shooting Guard,12,21.7,1.2,3.2,0.7,2.4,0.4,0.4,1.5,1.6,1,3.3,4.3,3.2,0.8,0.6,3.6
262,Nicolas Claxton,BRK,898310,Center,9,13.2,1.2,2.3,0,0.6,0.6,1.3,0.7,1.1,0.9,1.6,2.4,1.2,0.1,0.6,3
263,Nicolo Melli,NOP,4102564,Power Forward,19,16.4,2.1,4.9,1.2,3.4,0.8,1.1,0.8,1.9,0.7,2.2,2.9,1.2,0.6,0.2,6.1
264,Nikola Jokic,DEN,27504630,Center,18,31.2,6.2,13.8,0.9,3.9,2.1,2.7,2.8,3.3,2.1,7.9,10.1,6.1,1.2,0.5,15.4
265,Nikola Vucevic,ORL,28000000,Center,14,30.8,6.8,15.1,1.1,3.6,2.4,2.8,1.4,1.9,2.9,8.6,11.6,3.5,0.6,1.1,17.1
266,Noah Vonleh,MIN,2000000,Power Forward,14,12.6,1.4,3.1,0.1,0.7,1.1,1.4,0.9,1.4,1.2,2.4,3.6,1.1,0.3,0.2,4.1
267,Norman Powell,TOR,10116576,Shooting Guard,20,28.4,4.8,10.2,1.9,4.8,1.9,2.2,1.4,1.8,0.5,3.5,4,1.6,0.9,0.3,13.3
268,Ogugua Anunoby,TOR,2281800,Small Forward,19,29.6,4.3,8.1,1.6,3.6,0.7,1.3,1.2,2.5,0.9,4.6,5.5,1.7,1.2,0.9,10.9
269,Omari Spellman,GSW,1897800,Power Forward,22,18.6,2.8,6.6,0.7,2.1,1.5,1.8,1.4,1.2,2.4,3.4,5.7,1,0.7,0.7,7.9
270,Otto Porter,CHI,1897800,Power Forward,9,25.1,3.9,9.3,1.8,4.4,1.7,2.2,0.8,2.2,0.9,2.6,3.4,1.6,1,0.3,11.2
271,P.J. Tucker,HOU,8349039,Small Forward,20,35.5,3.5,6.7,1.9,4.2,0.8,0.9,0.9,3.2,1.5,4.8,6.2,1.4,1.5,0.6,9.8
272,P.J. Washington,CHA,8349039,Small Forward,23,27.9,4.5,9,1.3,3,1.4,2.2,1.2,2.7,0.9,4.1,5,1.7,1.1,0.8,11.7
273,Pascal Siakam,TOR,2351839,Power Forward,20,36.9,9.4,20.1,2.4,6.2,3.9,4.8,2.9,2.9,1.6,7,8.6,3.9,0.8,0.7,25.1
274,Pat Connaughton,MIL,1723050,Shooting Guard,20,18,2.1,4.5,0.8,2.5,0.6,0.8,0.6,1,0.5,3.5,4,1.9,0.3,0.6,5.6
275,Patrick Beverley,LAC,12345680,Point Guard,20,29.7,2.8,7.2,1.2,4.3,0.7,1.1,1.4,3.8,1.4,4.8,6.2,3.2,1.5,0.6,7.5
276,Patrick McCaw,TOR,4000000,Shooting Guard,2,20,1.5,2.5,0.5,1.5,0.5,1,1.5,1.5,1,2,3,1.5,1.5,0,4
277,Patrick Patterson,LAC,1620564,Power Forward,20,14.3,1.8,4.2,1.4,3.3,0.3,0.5,0.3,0.8,0.7,2.2,2.9,0.8,0.1,0.1,5.2
278,Patty Mills,SAS,1620564,Power Forward,22,22.9,3.9,8.4,2,4.9,1.3,1.5,1,1.5,0.2,1.3,1.5,2.2,0.9,0.2,11
279,Paul George,LAC,33005556,Small Forward,11,29.4,7.5,16.6,4,9.5,4.6,5,3.5,2.2,0.5,5.5,6.1,3.5,1.3,0.4,23.5
280,Paul Millsap,DEN,30350000,Power Forward,18,26.3,4.7,9.5,1.2,2.4,3.3,3.8,1.2,2.9,2.1,3.9,5.9,1.3,0.9,0.8,13.9
281,Quinn Cook,LAL,3000000,Point Guard,18,13.7,2.2,5.1,0.7,1.8,0.2,0.3,0.8,0.6,0.2,1.1,1.3,1.6,0.3,0.1,5.3
282,R.J. Barrett,NYK,7839960,Small Forward,20,32.4,5.5,13.8,1,3.1,2.8,5.2,2.5,2.5,1.2,4,5.2,3.2,1.3,0.5,14.7
283,Rajon Rondo,LAL,2564753,Point Guard,12,21.5,3.3,7.4,1.4,2.8,0.7,0.9,1.8,1.1,0.3,3.2,3.6,6.1,1,0,8.8
284,Raulzinho Neto,PHI,1620564,Point Guard,18,11.8,1.6,3.5,0.5,1.2,0.2,0.2,0.9,0.6,0.2,0.9,1.1,1.5,0.4,0.1,3.9
285,Reggie Jackson,DET,18086957,Point Guard,2,17.9,2,5.5,0.5,2.5,0.5,0.5,0.5,1,0.5,2,2.5,4,0,0,5
286,Richaun Holmes,SAC,4767000,Power Forward,20,28,5.2,7.8,0,0,1.9,2.4,1,4.2,2.6,5.7,8.3,0.8,0.8,1.4,12.3
287,Ricky Rubio,PHX,16200000,Point Guard,15,30.5,4.3,10.9,1.1,3.5,2.9,3.5,1.7,2.8,0.6,4.1,4.7,8.3,1.3,0.1,12.6
288,Robert Covington,MIN,11301219,Small Forward,19,27.3,4.3,9.4,2.2,5.7,1.9,2.2,1.5,2.9,0.7,4.7,5.4,1.2,1.4,0.9,12.6
289,Robert Williams,BOS,1937520,Center,18,14.2,1.8,2.7,0,0,0.4,0.8,0.9,1.8,1.3,3.4,4.7,1.2,0.9,1.2,4.1
290,Robin Lopez,MIL,4767000,Center,22,14.5,2,4,0.6,1.6,0.5,0.8,1.3,1.8,1,1.7,2.8,0.6,0.2,0.6,5.1
291,Rodney Hood,POR,5718000,Shooting Guard,20,30.5,4.3,8.6,1.8,3.5,1.1,1.4,0.9,2.2,0.5,3,3.5,1.6,0.8,0.2,11.5
292,Rodney McGruder,LAC,4807693,Shooting Guard,15,17.4,1.5,4,0.7,2.3,0.2,0.5,0.5,1.7,0.7,1.7,2.4,0.8,0.3,0.2,4
293,Rondae Hollis-Jefferson,TOR,2500000,Small Forward,13,22,3.8,6.5,0,0.2,1.8,2.6,1.2,1.9,2.7,3.3,6,1.7,0.8,0.4,9.4
294,Royce O'Neale,UTA,1618520,Small Forward,22,28.5,2,4.3,1.1,2.6,0.5,0.6,1,3,0.1,4.6,4.7,2.6,0.7,0.3,5.7
295,Rudy Gay,SAS,14500000,Small Forward,22,23.2,4.2,9.1,0.9,3.2,2.2,2.5,1.6,1.5,1.3,4.6,5.9,1.9,0.4,0.6,11.4
296,Rudy Gobert,UTA,25008427,Center,20,34,5.2,8,0,0,3.5,5.8,2.2,3.1,3.4,10.1,13.5,1.2,0.8,1.9,13.9
297,Rui Hachimura,WAS,4469160,Power Forward,19,28,5.8,11.9,0.4,2,1.4,1.7,0.8,2.2,1.5,4.1,5.6,1.7,0.7,0.2,13.4
298,Russell Westbrook,HOU,38506482,Point Guard,18,34.1,8.1,19.7,1.2,5.3,4.6,6.2,4.3,4.1,1.4,6.4,7.8,7.1,1.5,0.3,21.9
299,Ryan Arcidiacono,CHI,3000000,Point Guard,22,16.7,1.4,3.6,1,2.2,0.7,0.9,0.7,2,0.5,1.2,1.7,1.8,0.5,0.1,4.5
300,Semi Ojeleye,BOS,1618520,Power Forward,20,13.7,1,2.4,0.5,1.4,0.3,0.5,0.2,1.1,0.3,1.4,1.8,0.3,0.3,0.1,2.9
301,Serge Ibaka,TOR,23271605,Power Forward,10,22.6,5.3,10.6,0.9,2.4,2.3,2.8,2.2,2.6,1.1,5.4,6.5,0.9,0.6,1.1,13.8
302,Seth Curry,DAL,7461380,Shooting Guard,19,21.4,2.7,6.4,1.5,4,1.4,1.5,0.8,1.8,0.3,1.5,1.8,1.6,0.6,0.2,8.4
303,Shabazz Napier,MIN,1845301,Point Guard,8,19.1,1.8,5.9,1,4.2,2.1,2.5,1.6,0.8,0.1,2.1,2.2,3.5,1.2,0.4,6.6
304,Shai Gilgeous-Alexander,OKC,3952920,Point Guard,20,34.4,6.8,15.7,1.4,4.2,3,3.9,2.2,1.8,0.8,4.2,5,3,0.9,0.5,18.1
305,Shaquille Harrison,CHI,898310,Point Guard,12,9.8,1.4,3.6,0.2,0.8,0.7,1.2,0.4,1.2,0.4,1.8,2.2,1.4,0.4,0.3,3.8
306,Skal Labissiere,POR,2338847,Power Forward,22,16.9,2.7,4.7,0.1,0.3,0.7,1,1,2.7,2,3.1,5.1,1.1,0.3,1,6.1
307,Solomon Hill,MEM,12758781,Small Forward,19,19.4,2.3,5.3,1.2,2.9,0.5,0.8,0.8,1.7,0.6,2.7,3.3,1.8,0.9,0.1,6.4
308,Spencer Dinwiddie,BRK,10605600,Point Guard,21,29.4,6.8,16,1.9,6,5.4,6.2,2.7,3.5,0.2,2.7,2.9,5.8,0.9,0.5,20.8
309,Stephen Curry,GSW,40231758,Point Guard,4,28,6.8,16.5,2.2,9.2,4.5,4.5,3.8,2.5,1,4,5,6.5,1.2,0.5,20.2
310,Sterling Brown,MIL,1618520,Shooting Guard,15,17,2.1,4.9,1,2.7,0.7,0.9,1,1.4,0.7,4.3,5,1.5,0.5,0.1,5.8
311,Steven Adams,OKC,25842697,Center,17,26.4,4.5,7.4,0,0,1.4,2.6,1.4,1.9,2.8,6.2,9,2.8,0.5,1,10.4
312,Svi Mykhailiuk,DET,25842697,Center,17,17.4,1.9,4.6,1.5,3.4,0.3,0.4,0.9,1.2,0.2,1,1.2,1.4,0.4,0.1,5.7
313,T.J. Leaf,IND,1416852,Shooting Guard,15,10.5,1.7,3.9,0.3,0.7,0.3,0.5,0.4,0.9,1.3,2.5,3.8,0.4,0.5,0.2,4.1
314,T.J. McConnell,IND,3500000,Point Guard,19,17.2,3.1,6.3,0.1,0.2,0.4,0.5,1.5,1.3,0.5,2.3,2.8,4.8,0.5,0.2,6.7
315,T.J. Warren,IND,10810000,Small Forward,21,33.1,7.3,14.4,1.3,3.1,2.1,2.6,1.4,2.7,0.7,2.7,3.4,1.1,1.1,0.3,18
316,Taj Gibson,NYK,9000000,Power Forward,19,16.3,2.5,4.8,0.1,0.4,0.5,0.8,0.7,2.3,2,2.5,4.5,1.1,0.7,0.2,5.5
317,Taurean Prince,BRK,3481986,Small Forward,21,30.3,4.9,11.9,2.9,7,0.9,1.3,2.1,2.7,0.9,5.1,6,2,0.9,0.4,13.5
318,Terance Mann,LAC,1000000,Shooting Guard,17,8.6,1.1,2.1,0.1,0.5,0.4,0.5,0.6,1.1,0.2,1.1,1.2,1.2,0.3,0.1,2.6
319,Terence Davis,TOR,898310,Shooting Guard,20,15.8,2.5,5,1.1,2.7,0.7,0.8,0.7,1.9,0.6,2.5,3,2,0.4,0.2,6.8
320,Terrance Ferguson,OKC,2475840,Shooting Guard,19,26.2,2.1,4.8,1.2,3.4,0.4,0.5,0.7,3,0.6,1.3,1.9,1,0.5,0.3,5.7
321,Terrence Ross,ORL,12500000,Shooting Guard,19,24,4.5,10.9,1.8,6.1,1.8,2.1,1.2,1.8,0.3,2.6,2.9,1,0.9,0.3,12.6
322,Terry Rozier,CHA,19894737,Point Guard,23,32.5,6.3,14.4,2.7,6.7,2.4,2.8,2.7,2.3,0.7,3.6,4.3,4.2,1.3,0.2,17.7
323,Thabo Sefolosha,HOU,1620564,Small Forward,17,10.9,0.8,2.5,0.5,1.5,0,0,0.2,1,0.6,1.8,2.4,0.9,0.5,0.2,2.1
324,Thaddeus Young,CHI,12900000,Power Forward,22,21.2,3.5,8.6,1.1,3.3,0.8,1.3,1.6,1.6,1.7,2.6,4.3,1.6,1,0.3,8.8
325,Theo Pinson,BRK,1445697,Shooting Guard,12,15.1,1.8,6.4,0.7,3.1,0.7,0.8,1.5,1.4,0.4,1.4,1.8,2.6,0.5,0,5
326,Thomas Bryant,WAS,8000000,Center,18,28.4,5.6,10.2,0.6,1.9,2.2,2.9,1.3,2.4,2.3,6.2,8.5,2.7,0.4,1,13.9
327,Thon Maker,DET,3569643,Center,20,11,1.1,2.1,0.3,0.7,0.8,1.6,0.5,1.4,0.5,1.2,1.8,0.5,0.3,0.7,3.5
328,Tim Frazier,DET,1620564,Point Guard,13,10.7,0.7,3.2,0.2,1.1,0.8,1.1,0.9,1.4,0.3,0.7,1,2.9,0.6,0.1,2.5
329,Tim Hardaway Jr.,DAL,20025127,Shooting Guard,21,24.5,4.2,10.2,2.2,6.2,1.8,2.2,0.6,1.9,0.3,1.9,2.1,1.7,0.6,0.1,12.4
330,Tobias Harris,PHI,32742000,Small Forward,21,34.2,7.3,14.9,1.2,4.2,2.6,3.4,2.1,3,0.7,6.5,7.2,3.1,1,0.8,18.4
331,Tomas Satoransky,CHI,10000000,Shooting Guard,22,26.9,3.5,7.7,1.2,3,1.6,1.8,2.1,2.1,0.9,2.5,3.4,5.4,1.5,0.1,9.7
332,Tony Bradley,UTA,1962360,Center,16,9.8,1.8,2.9,0,0,0.7,1,0.5,1.8,1.2,2.2,3.5,0.2,0.1,0.5,4.3
333,Tony Snell,DET,11392857,Shooting Guard,18,25.5,2.9,6.2,1.9,4.4,0.2,0.2,0.5,1.9,0.3,1.4,1.7,1.6,0.4,0.1,7.9
334,Torrey Craig,DEN,2000000,Small Forward,13,14.4,1.1,3.2,0.3,1.5,0.3,0.7,0.4,2,0.7,2,2.7,1.2,0.4,0.8,2.8
335,Trae Young,ATL,6273000,Point Guard,21,34.6,9.5,20.5,3.4,8.7,6.3,7.4,5,1.2,0.5,3.5,4,8.4,1.3,0,28.7
336,Treveon Graham,MIN,1645357,Shooting Guard,19,23.7,2.4,6.8,0.6,3.1,0.9,1.2,0.6,2.4,1.1,2.7,3.7,1.2,0.7,0.1,6.3
337,Trevor Ariza,SAC,12200000,Small Forward,13,21.1,1.5,4.3,1.1,3.2,0.5,0.7,0.8,1.6,0.4,3.1,3.5,0.8,0.8,0.2,4.5
338,Trey Burke,PHI,1620564,Point Guard,7,17.5,2.3,6.4,0.7,1.9,0.9,1.1,0.6,0.7,0.6,1,1.6,3.3,0.4,0.1,6.1
339,Trey Lyles,SAS,5500000,Power Forward,22,17.4,1.7,3.8,0.8,2.1,0.2,0.4,0.8,1.2,1.4,4.8,6.2,1.3,0.3,0.3,4.5
340,Tristan Thompson,CLE,18539130,Center,19,31.4,5.8,11.5,0.2,0.4,2.1,3.4,1.5,2.5,4.2,6.4,10.6,2.2,0.8,1.2,13.9
341,Troy Brown  Jr.,WAS,18539130,Center,16,21.1,2.9,6.6,0.4,1.7,0.7,0.9,1.1,1.4,1.4,3.8,5.1,1.8,1.2,0.1,6.9
342,Troy Daniels,LAL,1620564,Shooting Guard,17,14.7,1.8,4.9,1.2,3.6,0.2,0.2,0.3,0.6,0.2,1.2,1.5,0.4,0.4,0.1,4.9
343,Tyler Herro,MIA,3640200,Shooting Guard,20,28.2,4.8,11.1,2,5.1,1.9,2.2,2,1.4,0.3,3.5,3.8,1.9,0.7,0.1,13.6
344,Tyler Johnson,PHX,19245370,Shooting Guard,18,20,2.4,6.1,1,3,1,1.3,1.1,1.6,0.3,1.7,1.9,2.3,0.3,0.3,6.9
345,Tyrone Wallace,ATL,19245370,Shooting Guard,14,11.5,1,3.1,0.1,1.1,0.8,1.2,0.7,1.4,0.2,1.4,1.6,0.9,0.5,0.1,2.9
346,Tyson Chandler,HOU,1620564,Center,18,9,0.7,0.9,0,0,0.3,0.5,0.3,1.3,1.1,1.7,2.7,0.3,0.3,0.4,1.7
347,Tyus Jones,MEM,9258000,Point Guard,21,20.3,2.4,6.5,0.3,1.5,0.9,1.2,1.3,0.9,0,1.5,1.5,4.7,0.8,0.1,6
348,Vince Carter,ATL,1620564,Shooting Guard,17,15,1.8,5.4,0.9,3.6,0.4,0.5,0.6,1.7,0.2,1.8,1.9,0.7,0.4,0.3,4.9
349,Wayne Ellington,NYK,8000000,Shooting Guard,17,14.5,1.5,4.6,1.2,4,0.2,0.4,0.6,1.2,0.1,1.6,1.6,0.9,0.1,0.1,4.4
350,Wendell Carter  Jr.,CHI,8000000,Shooting Guard,22,29.5,4.9,8.6,0.1,0.7,2.8,4,1.6,4,3.6,6.3,9.9,0.9,0.7,0.9,12.7
351,Wesley Iwundu,ORL,1618520,Small Forward,11,14.6,0.9,3.2,0.1,0.8,1.4,1.6,0.4,0.8,0.4,1.7,2.1,0.8,0.5,0.3,3.3
352,Wesley Matthews,MIL,2564753,Shooting Guard,22,24.1,2.8,6.4,1.6,4.3,1,1.2,0.8,1.2,0.1,2,2.1,1.4,0.5,0.1,8.3
353,Will Barton,DEN,12776786,Shooting Guard,16,33.1,5.6,12.6,1.9,4.8,1.8,2.4,1.4,2.2,1.8,5.4,7.2,3.5,1,0.4,14.8
354,Willie Cauley-Stein,GSW,2177483,Center,20,22.2,3.4,6.2,0,0,0.8,1.1,0.9,2.9,1.4,5,6.5,1.6,1.1,1.1,7.5
355,Yogi Ferrell,SAC,3150000,Point Guard,16,13.1,1.9,4.2,0.5,1.4,1.1,1.2,0.8,0.9,0.2,1.2,1.5,1.7,0.4,0.1,5.3
356,Zach Collins,POR,4240200,Center,3,28.8,3,6.3,1,2.3,2,2,2,3.7,1.3,2.7,4,2,0,0.7,9
357,Zach LaVine,CHI,19500000,Shooting Guard,22,32.3,7.7,17.6,3,7.2,4.1,5,3.2,2.5,0.7,3.3,4,3.9,1.3,0.5,22.5
